Workbook
Name alpha: Parameters!$B$3
Name bounds: Parameters!$B$10:$B$13
Name delta: Parameters!$B$4
Name max_year_gap: Parameters!$B$5

Sheet README
A1: UA-CEE workbook: hand-checkable calculations of the paper
A3: Every number on the calculation sheets is an Excel formula. Blue cells are values copied from the official API responses stored in data/raw (each row has its link); yellow cells on Parameters may be changed and every sheet recalculates.
A5: Sheets
A6: Parameters: weak-link penalty alpha and delta, maturity-level bounds, maximum year gap for the year-aligned check.
A7: Farm_EU_data: Eurostat IFS 2023, share of holdings using ten digital technologies, all and large holdings, all 27 member states and EU-27; the EU leader of each technology is found with MAX/INDEX/MATCH.
A8: Farm_UA_data: Derzhstat 2025, number of enterprises using each technology and number of enterprises with agricultural land; the Ukrainian share is an estimate (numerator and denominator come from different surveys). For the large-holding basis the four livestock technologies are divided by the number of enterprises keeping farm animals (Derzhstat, 2024), because the EU large-holding livestock shares are shares of livestock holdings.
A9: Farm_results: shares and ratios to the EU, median ratios, partial layer scores DM_C (robotics) and DM_L3 (nine precision technologies) for both EU bases.
A10: Processing_data: food processing (NACE C10-C12), 17 indicator pairs Eurostat / Derzhstat with the values of all 27 member states, EU-27 and Ukraine; leader (MAX) and minimum (MIN) over the member states.
A11: Processing_index: indicator scores P / P_leader, layer scores, ADMI_base, weakest layer, penalty, ADMI, maturity level, DM_I, DM_S and ranks.
A12: TOPSIS: robustness check with entropy and equal weights, Spearman and Pearson correlations with ADMI.
A13: Orientations: mean profiles of the CEE countries at levels 3 and 4 and the gap of Ukraine to level 3.
A14: Normalisation_check: the same index with min-max normalisation over the member states, ranks and Spearman correlation.
... A29: Spearman correlations use 1 - 6 * sum(d^2) / (n (n^2 - 1)) with n = 10 (nine CEE countries and Ukraine).

Sheet Parameters
A1: Parameters (yellow cells may be changed)
A3: alpha | B3: 0.4 | C3: weak-link penalty strength
A4: delta | B4: 0.375 | C4: weak-link threshold
A5: max_year_gap | B5: 1 | C5: Sensitivity: largest allowed difference between the EU and Ukrainian years of an indicator pair
A9: level bounds
B10: 0.2
B11: 0.4
B12: 0.6
B13: 0.8

Sheet Farm_EU_data
A1: Eurostat IFS 2023: share of holdings using the technology, % (holdings above the survey thresholds)
A3: all holdings
A4: Technology | B4: Eurostat dataset | C4: Code | D4: AT | E4: BE | F4: BG | G4: CY | H4: CZ | I4: DE | J4: DK | K4: EE | L4: EL | M4: ES | N4: FI | O4: FR | P4: HR | Q4: HU | R4: IE | S4: IT | T4: LT | U4: LU | V4: LV | W4: MT | X4: NL | Y4: PL | Z4: PT | AA4: RO | AB4: SE | AC4: SI | AD4: SK | AE4: EU27_2020 | AF4: Leader value | AG4: Leader | AH4: Link
A5: ROBOTICS | B5: ef_mp_digi | C5: MAC_ROB | D5: 3.84 | E5: 21.19 | F5: 0.56 | G5: 0.5 | H5: 3.41 | I5: 18.26 | J5: 21.11 | K5: 8.03 | L5: 0.43 | M5: 15.35 | N5: 19.15 | O5: 22.42 | P5: 2.08 | Q5: 2.62 | R5: 8 | S5: 4.46 | T5: 0.46 | U5: 24.02 | V5: 4.68 | W5: 3.69 | X5: 35.02 | Y5: 1.34 | Z5: 0.39 | AA5: 3.26 | AB5: 12.22 | AC5: 1.59 | AD5: 1.31 | AE5: 6.79 | AF5: =MAX(D5:AD5) -> 35.02 | AG5: =INDEX($D$4:$AD$4,MATCH(AF5,D5:AD5,0)) -> NL | AH5: https://doi.org/10.2908/EF_MP_DIGI
A6: MAC_ROB_PPP | B6: ef_mp_digicr | C6: MAC_ROB_PPP | D6: 0.08 | E6: 6.23 | F6: 0.26 | G6: 0.04 | H6: 0.86 | I6: 3.27 | J6: 19.65 | K6: 5.04 | L6: 0.1 | M6: 1.91 | N6: 12.43 | O6: 12.98 | P6: 0.18 | Q6: 1.01 | R6: 7.52 | S6: 0.11 | T6: 0.05 | U6: 2.86 | V6: 2.72 | X6: 6.75 | Y6: 0.22 | Z6: 0.21 | AA6: 0.14 | AB6: 4.73 | AD6: 0.59 | AE6: 1.76 | AF6: =MAX(D6:AD6) -> 19.65 | AG6: =INDEX($D$4:$AD$4,MATCH(AF6,D6:AD6,0)) -> DK | AH6: https://doi.org/10.2908/EF_MP_DIGICR
A7: BAND_SPRAY_PPP | B7: ef_mp_digicr | C7: MAC_BDS_PPP | D7: 2.35 | E7: 7.68 | F7: 0.29 | G7: 0.02 | H7: 0.76 | I7: 7.7 | J7: 2.61 | K7: 4.75 | L7: 3.17 | M7: 7.26 | N7: 2.92 | O7: 4.98 | P7: 4.83 | Q7: 3.34 | R7: 3.21 | S7: 0.14 | T7: 0.43 | U7: 9.14 | V7: 1.39 | W7: 0.39 | X7: 3.43 | Y7: 12.66 | Z7: 0.72 | AA7: 0.45 | AB7: 1.28 | AD7: 0.18 | AE7: 4.21 | AF7: =MAX(D7:AD7) -> 12.66 | AG7: =INDEX($D$4:$AD$4,MATCH(AF7,D7:AD7,0)) -> PL | AH7: https://doi.org/10.2908/EF_MP_DIGICR
A8: VAR_RATE_TECH | B8: ef_mp_digicr | C8: MAC_VRT | D8: 6.44 | E8: 9.22 | F8: 0.9 | G8: 0.08 | H8: 3.36 | I8: 18.59 | J8: 11.18 | K8: 9.6 | L8: 1.59 | M8: 3.99 | N8: 9.05 | O8: 3.87 | P8: 1.9 | Q8: 5.8 | R8: 2.49 | S8: 4.28 | T8: 0.87 | U8: 15.43 | V8: 4.08 | W8: 3.12 | X8: 11.32 | Y8: 13.69 | Z8: 0.36 | AA8: 0.78 | AB8: 4.81 | AD8: 0.71 | AE8: 5.32 | AF8: =MAX(D8:AD8) -> 18.59 | AG8: =INDEX($D$4:$AD$4,MATCH(AF8,D8:AD8,0)) -> DE | AH8: https://doi.org/10.2908/EF_MP_DIGICR
A9: PREC_MON_CROPS | B9: ef_mp_digicr | C9: MAC_PMON_CR | D9: 1.88 | E9: 6.54 | F9: 0.43 | G9: 0.04 | H9: 1.77 | I9: 20.96 | J9: 4.59 | K9: 4.66 | L9: 0.36 | M9: 2.47 | N9: 9.43 | O9: 13.45 | P9: 0.73 | Q9: 5.32 | R9: 1.7 | S9: 1.61 | T9: 0.82 | U9: 4 | V9: 1.09 | W9: 3.12 | X9: 2.67 | Y9: 2.82 | Z9: 1.13 | AA9: 0.37 | AB9: 1.21 | AC9: 0.68 | AD9: 0.41 | AE9: 3.23 | AF9: =MAX(D9:AD9) -> 20.96 | AG9: =INDEX($D$4:$AD$4,MATCH(AF9,D9:AD9,0)) -> DE | AH9: https://doi.org/10.2908/EF_MP_DIGICR
A10: SOIL_ANALYSIS | B10: ef_mp_digicr | C10: MAC_ASOIL | D10: 9.38 | E10: 46.39 | F10: 1.59 | G10: 0.08 | H10: 1.34 | I10: 37.79 | J10: 24.86 | K10: 29.75 | L10: 2.43 | M10: 10.11 | N10: 58.25 | O10: 41.33 | P10: 9.64 | Q10: 5.59 | R10: 40.58 | S10: 6.25 | T10: 2.37 | U10: 63.43 | V10: 5.47 | W10: 26.56 | X10: 1.71 | Y10: 12.31 | Z10: 10.2 | AA10: 0.3 | AB10: 11.68 | AC10: 13.89 | AD10: 0.65 | AE10: 11.35 | AF10: =MAX(D10:AD10) -> 63.43 | AG10: =INDEX($D$4:$AD$4,MATCH(AF10,D10:AD10,0)) -> LU | AH10: https://doi.org/10.2908/EF_MP_DIGICR
A11: AUTO_FEED_SYS | B11: ef_mp_digilsk | C11: MAC_AFDS | D11: 10.88 | E11: 11.61 | F11: 0.36 | G11: 0.83 | H11: 1.69 | I11: 12.01 | J11: 8.96 | K11: 2.05 | L11: 0.22 | M11: 2.87 | N11: 6.49 | O11: 5.84 | P11: 0.5 | Q11: 1.5 | S11: 1.29 | T11: 0.19 | U11: 15.08 | V11: 0.29 | W11: 3.32 | X11: 15.17 | Y11: 1.98 | Z11: 0.89 | AA11: 0.37 | AB11: 6.05 | AC11: 1.38 | AD11: 0.63 | AE11: 2.44 | AF11: =MAX(D11:AD11) -> 15.17 | AG11: =INDEX($D$4:$AD$4,MATCH(AF11,D11:AD11,0)) -> NL | AH11: https://doi.org/10.2908/EF_MP_DIGILSK
A12: MILK_ROBOTS | B12: ef_mp_digilsk | C12: MAC_MLK_ROB | D12: 1.88 | E12: 2.85 | F12: 0.01 | G12: 0.46 | H12: 0.75 | I12: 3.46 | J12: 2.22 | K12: 0.75 | L12: 0.2 | M12: 2.75 | N12: 3.29 | O12: 2.13 | P12: 1.27 | Q12: 0.23 | S12: 3.41 | T12: 0.1 | U12: 12.29 | V12: 0.53 | W12: 0.18 | X12: 9.6 | Y12: 0.06 | Z12: 0.07 | AA12: 2.87 | AB12: 2.23 | AC12: 1.13 | AD12: 0.03 | AE12: 1.96 | AF12: =MAX(D12:AD12) -> 12.29 | AG12: =INDEX($D$4:$AD$4,MATCH(AF12,D12:AD12,0)) -> LU | AH12: https://doi.org/10.2908/EF_MP_DIGILSK
A13: MON_ANIMALS | B13: ef_mp_digilsk | C13: MAC_WHMON | D13: 16.76 | E13: 17.76 | F13: 3.08 | G13: 0.83 | H13: 2.71 | I13: 11.02 | J13: 11.82 | K13: 9.62 | L13: 0.16 | M13: 6.2 | N13: 6.16 | O13: 19.76 | P13: 4.16 | Q13: 2.58 | S13: 3.67 | T13: 1.21 | U13: 27.37 | V13: 1.78 | W13: 3.69 | X13: 20.85 | Y13: 3.21 | Z13: 0.89 | AA13: 0.38 | AB13: 12.08 | AC13: 2.86 | AD13: 0.68 | AE13: 4.69 | AF13: =MAX(D13:AD13) -> 27.37 | AG13: =INDEX($D$4:$AD$4,MATCH(AF13,D13:AD13,0)) -> LU | AH13: https://doi.org/10.2908/EF_MP_DIGILSK
A14: AUTO_REG_CLIMATE | B14: ef_mp_digilsk | C14: MAC_AREG | D14: 9.64 | E14: 11.58 | F14: 0.53 | G14: 0.54 | H14: 2.14 | I14: 11.67 | J14: 9.09 | K14: 1.87 | L14: 0.14 | M14: 2 | N14: 9.73 | O14: 8.58 | P14: 0.3 | Q14: 0.85 | S14: 1.47 | T14: 0.17 | U14: 12.29 | V14: 0.43 | W14: 5.54 | X14: 15.84 | Y14: 2.13 | Z14: 0.78 | AA14: 0.17 | AB14: 8.56 | AC14: 1.92 | AD14: 0.46 | AE14: 2.51 | AF14: =MAX(D14:AD14) -> 15.84 | AG14: =INDEX($D$4:$AD$4,MATCH(AF14,D14:AD14,0)) -> NL | AH14: https://doi.org/10.2908/EF_MP_DIGILSK
A17: large holdings
A18: Technology | B18: Eurostat dataset | C18: Code | D18: AT | E18: BE | F18: BG | G18: CY | H18: CZ | I18: DE | J18: DK | K18: EE | L18: EL | M18: ES | N18: FI | O18: FR | P18: HR | Q18: HU | R18: IE | S18: IT | T18: LT | U18: LU | V18: LV | W18: MT | X18: NL | Y18: PL | Z18: PT | AA18: RO | AB18: SE | AC18: SI | AD18: SK | AE18: EU27_2020 | AF18: Leader value | AG18: Leader | AH18: Link
A19: ROBOTICS | B19: ef_mp_digi | C19: MAC_ROB | D19: 13.86 | E19: 33.35 | F19: 5.15 | G19: 5.15 | H19: 14.61 | I19: 42.06 | J19: 47.24 | K19: 34.59 | L19: 7.47 | M19: 39.78 | N19: 55.12 | O19: 39.31 | P19: 16.56 | Q19: 14.83 | R19: 27.23 | S19: 23.14 | T19: 5.1 | U19: 42.27 | V19: 40.82 | W19: 31.58 | X19: 48.33 | Y19: 7.21 | Z19: 4.29 | AA19: 17.22 | AB19: 47.04 | AC19: 14 | AD19: 7.42 | AE19: 31.3 | AF19: =MAX(D19:AD19) -> 55.12 | AG19: =INDEX($D$18:$AD$18,MATCH(AF19,D19:AD19,0)) -> FI | AH19: https://doi.org/10.2908/EF_MP_DIGI
A20: MAC_ROB_PPP | B20: ef_mp_digicr | C20: MAC_ROB_PPP | D20: 0.2 | E20: 13.58 | F20: 2.27 | H20: 3.72 | I20: 10 | J20: 51.23 | K20: 18.27 | L20: 2.11 | M20: 5.4 | N20: 32.71 | O20: 32.18 | P20: 2.7 | Q20: 4.51 | R20: 23.31 | S20: 1.59 | T20: 0.51 | U20: 7.55 | V20: 21.34 | X20: 22.19 | Y20: 3.96 | Z20: 2.64 | AA20: 1.28 | AB20: 18.49 | AD20: 3.53 | AE20: 16.55 | AF20: =MAX(D20:AD20) -> 51.23 | AG20: =INDEX($D$18:$AD$18,MATCH(AF20,D20:AD20,0)) -> DK | AH20: https://doi.org/10.2908/EF_MP_DIGICR
A21: BAND_SPRAY_PPP | B21: ef_mp_digicr | C21: MAC_BDS_PPP | D21: 3.25 | E21: 10.93 | F21: 1.73 | H21: 3.19 | I21: 12.41 | J21: 5.77 | K21: 13.46 | L21: 7.37 | M21: 11.25 | N21: 4.07 | O21: 5.03 | P21: 13.51 | Q21: 13.95 | R21: 6.84 | S21: 1.15 | T21: 4.04 | U21: 18.87 | V21: 9.51 | X21: 11.25 | Y21: 23.44 | Z21: 4.69 | AA21: 4.92 | AB21: 3.35 | AD21: 1.18 | AE21: 8.07 | AF21: =MAX(D21:AD21) -> 23.44 | AG21: =INDEX($D$18:$AD$18,MATCH(AF21,D21:AD21,0)) -> PL | AH21: https://doi.org/10.2908/EF_MP_DIGICR
A22: VAR_RATE_TECH | B22: ef_mp_digicr | C22: MAC_VRT | D22: 21.54 | E22: 16.89 | F22: 7.2 | G22: 2.33 | H22: 15.58 | I22: 45.76 | J22: 32.9 | K22: 32.21 | L22: 7.37 | M22: 6.95 | N22: 27.39 | O22: 10.24 | P22: 2.7 | Q22: 26.86 | R22: 8.53 | S22: 13.19 | T22: 8.75 | U22: 28.3 | V22: 29.56 | X22: 33.13 | Y22: 26.26 | Z22: 5.43 | AA22: 9.9 | AB22: 23.2 | AD22: 4.31 | AE22: 16.74 | AF22: =MAX(D22:AD22) -> 45.76 | AG22: =INDEX($D$18:$AD$18,MATCH(AF22,D22:AD22,0)) -> DE | AH22: https://doi.org/10.2908/EF_MP_DIGICR
A23: PREC_MON_CROPS | B23: ef_mp_digicr | C23: MAC_PMON_CR | D23: 7.72 | E23: 17.55 | F23: 2.13 | H23: 8.32 | I23: 50.76 | J23: 14.57 | K23: 16.35 | L23: 6.32 | M23: 6.57 | N23: 20.97 | O23: 23.92 | P23: 8.78 | Q23: 23.57 | R23: 5.27 | S23: 9.82 | T23: 7.74 | U23: 7.55 | V23: 8.48 | X23: 11.55 | Y23: 16.32 | Z23: 11.58 | AA23: 5.11 | AB23: 6.08 | AC23: 11.76 | AD23: 2.35 | AE23: 18.73 | AF23: =MAX(D23:AD23) -> 50.76 | AG23: =INDEX($D$18:$AD$18,MATCH(AF23,D23:AD23,0)) -> DE | AH23: https://doi.org/10.2908/EF_MP_DIGICR
A24: SOIL_ANALYSIS | B24: ef_mp_digicr | C24: MAC_ASOIL | D24: 28.05 | E24: 62.58 | F24: 6.27 | H24: 5.84 | I24: 66.27 | J24: 60.89 | K24: 73.08 | L24: 11.58 | M24: 18.75 | N24: 73.08 | O24: 68.42 | P24: 45.27 | Q24: 26.08 | R24: 59.7 | S24: 19.73 | T24: 17 | U24: 86.79 | V24: 28.53 | X24: 7.29 | Y24: 46.34 | Z24: 42.38 | AA24: 6.39 | AB24: 44.79 | AC24: 58.82 | AD24: 3.14 | AE24: 45.73 | AF24: =MAX(D24:AD24) -> 86.79 | AG24: =INDEX($D$18:$AD$18,MATCH(AF24,D24:AD24,0)) -> LU | AH24: https://doi.org/10.2908/EF_MP_DIGICR
A25: AUTO_FEED_SYS | B25: ef_mp_digilsk | C25: MAC_AFDS | D25: 75.31 | E25: 38.98 | F25: 15.45 | G25: 31.82 | H25: 20.77 | I25: 54.89 | J25: 59.05 | K25: 37.97 | L25: 14.83 | M25: 43.56 | N25: 48.42 | O25: 26.16 | P25: 38.24 | Q25: 41.18 | S25: 46.23 | T25: 14.1 | U25: 38.02 | V25: 12.28 | X25: 43.29 | Y25: 59.94 | Z25: 35.31 | AA25: 27.62 | AB25: 60.96 | AC25: 50.51 | AD25: 10.71 | AE25: 37.24 | AF25: =MAX(D25:AD25) -> 75.31 | AG25: =INDEX($D$18:$AD$18,MATCH(AF25,D25:AD25,0)) -> AT | AH25: https://doi.org/10.2908/EF_MP_DIGILSK
A26: MILK_ROBOTS | B26: ef_mp_digilsk | C26: MAC_MLK_ROB | D26: 11.28 | E26: 9.38 | F26: 0.81 | G26: 10.23 | H26: 8.7 | I26: 16.88 | J26: 15.71 | K26: 17.72 | L26: 3.23 | M26: 15.5 | N26: 32.84 | O26: 11.39 | P26: 6.62 | Q26: 4.41 | S26: 41.36 | T26: 7.69 | U26: 32.23 | V26: 19.3 | X26: 24.54 | Y26: 4.25 | Z26: 3.33 | AA26: 40.95 | AB26: 30.21 | AD26: 1.19 | AE26: 14.6 | AF26: =MAX(D26:AD26) -> 41.36 | AG26: =INDEX($D$18:$AD$18,MATCH(AF26,D26:AD26,0)) -> IT | AH26: https://doi.org/10.2908/EF_MP_DIGILSK
A27: MON_ANIMALS | B27: ef_mp_digilsk | C27: MAC_WHMON | D27: 75.31 | E27: 42.6 | F27: 39.02 | G27: 34.09 | H27: 35.75 | I27: 40.54 | J27: 70 | K27: 65.82 | L27: 12.17 | M27: 53.81 | N27: 51.79 | O27: 70.68 | P27: 39.71 | Q27: 50.49 | S27: 63.17 | T27: 32.05 | U27: 61.16 | V27: 33.33 | X27: 54.26 | Y27: 46.88 | Z27: 28.4 | AA27: 18.57 | AB27: 53.74 | AC27: 50.51 | AD27: 10.71 | AE27: 49.07 | AF27: =MAX(D27:AD27) -> 75.31 | AG27: =INDEX($D$18:$AD$18,MATCH(AF27,D27:AD27,0)) -> AT | AH27: https://doi.org/10.2908/EF_MP_DIGILSK
A28: AUTO_REG_CLIMATE | B28: ef_mp_digilsk | C28: MAC_AREG | D28: 75.08 | E28: 39.55 | F28: 19.51 | G28: 22.73 | H28: 28.99 | I28: 51.02 | J28: 58.1 | K28: 37.97 | L28: 12.93 | M28: 33.79 | N28: 60.63 | O28: 36.52 | P28: 29.41 | Q28: 34.8 | S28: 55.57 | T28: 12.82 | U28: 33.06 | V28: 15.79 | X28: 47.17 | Y28: 54.25 | Z28: 32.84 | AA28: 14.76 | AB28: 59.09 | AC28: 50.51 | AD28: 8.33 | AE28: 38.52 | AF28: =MAX(D28:AD28) -> 75.08 | AG28: =INDEX($D$18:$AD$18,MATCH(AF28,D28:AD28,0)) -> AT | AH28: https://doi.org/10.2908/EF_MP_DIGILSK

Sheet Farm_UA_data
A1: Derzhstat 2025: enterprises (incl. family farms) using the technology; share = estimate
A3: Technology | B3: Enterprises using | C3: Enterprises with agricultural land | D3: Estimated share, % | E3: Numerator link | F3: Denominator link | G3: Enterprises keeping farm animals (2024) | H3: Estimated share, large-holding basis, % | I3: Livestock denominator link
A4: ROBOTICS | B4: 1193 | C4: 30201 | D4: =100*B4/C4 -> 3.9502003 | E4: https://stat.gov.ua/uk/explorer?urn=SSSU%3ADF_AGR_MACHINERY_AVAILABILITY%28~%29 | F4: https://stat.gov.ua/uk/explorer?urn=SSSU%3ADF_AREA_HARVESTS_CROP_YIELD_A%28~%29 | H4: =IF(G4="",D4,100*B4/G4) -> 3.9502003
A5: MAC_ROB_PPP | B5: 911 | C5: 30201 | D5: =100*B5/C5 -> 3.0164564 | E5: https://stat.gov.ua/uk/explorer?urn=SSSU%3ADF_AGR_MACHINERY_AVAILABILITY%28~%29 | F5: https://stat.gov.ua/uk/explorer?urn=SSSU%3ADF_AREA_HARVESTS_CROP_YIELD_A%28~%29 | H5: =IF(G5="",D5,100*B5/G5) -> 3.0164564
A6: BAND_SPRAY_PPP | B6: 420 | C6: 30201 | D6: =100*B6/C6 -> 1.3906824 | E6: https://stat.gov.ua/uk/explorer?urn=SSSU%3ADF_AGR_MACHINERY_AVAILABILITY%28~%29 | F6: https://stat.gov.ua/uk/explorer?urn=SSSU%3ADF_AREA_HARVESTS_CROP_YIELD_A%28~%29 | H6: =IF(G6="",D6,100*B6/G6) -> 1.3906824
A7: VAR_RATE_TECH | B7: 391 | C7: 30201 | D7: =100*B7/C7 -> 1.2946591 | E7: https://stat.gov.ua/uk/explorer?urn=SSSU%3ADF_AGR_MACHINERY_AVAILABILITY%28~%29 | F7: https://stat.gov.ua/uk/explorer?urn=SSSU%3ADF_AREA_HARVESTS_CROP_YIELD_A%28~%29 | H7: =IF(G7="",D7,100*B7/G7) -> 1.2946591
A8: PREC_MON_CROPS | B8: 888 | C8: 30201 | D8: =100*B8/C8 -> 2.9403 | E8: https://stat.gov.ua/uk/explorer?urn=SSSU%3ADF_AGR_MACHINERY_AVAILABILITY%28~%29 | F8: https://stat.gov.ua/uk/explorer?urn=SSSU%3ADF_AREA_HARVESTS_CROP_YIELD_A%28~%29 | H8: =IF(G8="",D8,100*B8/G8) -> 2.9403
A9: SOIL_ANALYSIS | B9: 349 | C9: 30201 | D9: =100*B9/C9 -> 1.1555909 | E9: https://stat.gov.ua/uk/explorer?urn=SSSU%3ADF_AGR_MACHINERY_AVAILABILITY%28~%29 | F9: https://stat.gov.ua/uk/explorer?urn=SSSU%3ADF_AREA_HARVESTS_CROP_YIELD_A%28~%29 | H9: =IF(G9="",D9,100*B9/G9) -> 1.1555909
A10: AUTO_FEED_SYS | B10: 367 | C10: 30201 | D10: =100*B10/C10 -> 1.2151915 | E10: https://stat.gov.ua/uk/explorer?urn=SSSU%3ADF_AGR_MACHINERY_AVAILABILITY%28~%29 | F10: https://stat.gov.ua/uk/explorer?urn=SSSU%3ADF_AREA_HARVESTS_CROP_YIELD_A%28~%29 | G10: 2070 | H10: =IF(G10="",D10,100*B10/G10) -> 17.729469 | I10: https://stat.gov.ua/uk/explorer?urn=SSSU%3ADF_STOCKBREEDING_FODDER_A%28~%29
A11: MILK_ROBOTS | B11: 74 | C11: 30201 | D11: =100*B11/C11 -> 0.245025 | E11: https://stat.gov.ua/uk/explorer?urn=SSSU%3ADF_AGR_MACHINERY_AVAILABILITY%28~%29 | F11: https://stat.gov.ua/uk/explorer?urn=SSSU%3ADF_AREA_HARVESTS_CROP_YIELD_A%28~%29 | G11: 2070 | H11: =IF(G11="",D11,100*B11/G11) -> 3.5748792 | I11: https://stat.gov.ua/uk/explorer?urn=SSSU%3ADF_STOCKBREEDING_FODDER_A%28~%29
A12: MON_ANIMALS | B12: 198 | C12: 30201 | D12: =100*B12/C12 -> 0.65560743 | E12: https://stat.gov.ua/uk/explorer?urn=SSSU%3ADF_AGR_MACHINERY_AVAILABILITY%28~%29 | F12: https://stat.gov.ua/uk/explorer?urn=SSSU%3ADF_AREA_HARVESTS_CROP_YIELD_A%28~%29 | G12: 2070 | H12: =IF(G12="",D12,100*B12/G12) -> 9.5652174 | I12: https://stat.gov.ua/uk/explorer?urn=SSSU%3ADF_STOCKBREEDING_FODDER_A%28~%29
A13: AUTO_REG_CLIMATE | B13: 354 | C13: 30201 | D13: =100*B13/C13 -> 1.1721466 | E13: https://stat.gov.ua/uk/explorer?urn=SSSU%3ADF_AGR_MACHINERY_AVAILABILITY%28~%29 | F13: https://stat.gov.ua/uk/explorer?urn=SSSU%3ADF_AREA_HARVESTS_CROP_YIELD_A%28~%29 | G13: 2070 | H13: =IF(G13="",D13,100*B13/G13) -> 17.101449 | I13: https://stat.gov.ua/uk/explorer?urn=SSSU%3ADF_STOCKBREEDING_FODDER_A%28~%29

Sheet Farm_results
A1: Farm level: shares, ratios to the EU and partial layer scores
A3: Technology | B3: Ukraine 2025* | C3: EU-27 all | D3: EU-27 large | E3: Germany | F3: Poland | G3: Hungary | H3: Romania | I3: Czechia | J3: Slovakia | K3: Lithuania | L3: Latvia | M3: Estonia | N3: Bulgaria | O3: UA / EU-27 all | P3: UA / EU-27 large
A4: ROBOTICS | B4: =Farm_UA_data!$D$4 -> 3.9502003 | C4: =Farm_EU_data!$AE$5 -> 6.79 | D4: =Farm_EU_data!$AE$19 -> 31.3 | E4: =Farm_EU_data!$I$5 -> 18.26 | F4: =Farm_EU_data!$Y$5 -> 1.34 | G4: =Farm_EU_data!$Q$5 -> 2.62 | H4: =Farm_EU_data!$AA$5 -> 3.26 | I4: =Farm_EU_data!$H$5 -> 3.41 | J4: =Farm_EU_data!$AD$5 -> 1.31 | K4: =Farm_EU_data!$T$5 -> 0.46 | L4: =Farm_EU_data!$V$5 -> 4.68 | M4: =Farm_EU_data!$K$5 -> 8.03 | N4: =Farm_EU_data!$F$5 -> 0.56 | O4: =B4/C4 -> 0.58176735 | P4: =Farm_UA_data!$H$4/D4 -> 0.12620448
A5: MAC_ROB_PPP | B5: =Farm_UA_data!$D$5 -> 3.0164564 | C5: =Farm_EU_data!$AE$6 -> 1.76 | D5: =Farm_EU_data!$AE$20 -> 16.55 | E5: =Farm_EU_data!$I$6 -> 3.27 | F5: =Farm_EU_data!$Y$6 -> 0.22 | G5: =Farm_EU_data!$Q$6 -> 1.01 | H5: =Farm_EU_data!$AA$6 -> 0.14 | I5: =Farm_EU_data!$H$6 -> 0.86 | J5: =Farm_EU_data!$AD$6 -> 0.59 | K5: =Farm_EU_data!$T$6 -> 0.05 | L5: =Farm_EU_data!$V$6 -> 2.72 | M5: =Farm_EU_data!$K$6 -> 5.04 | N5: =Farm_EU_data!$F$6 -> 0.26 | O5: =B5/C5 -> 1.7138957 | P5: =Farm_UA_data!$H$5/D5 -> 0.18226323
A6: BAND_SPRAY_PPP | B6: =Farm_UA_data!$D$6 -> 1.3906824 | C6: =Farm_EU_data!$AE$7 -> 4.21 | D6: =Farm_EU_data!$AE$21 -> 8.07 | E6: =Farm_EU_data!$I$7 -> 7.7 | F6: =Farm_EU_data!$Y$7 -> 12.66 | G6: =Farm_EU_data!$Q$7 -> 3.34 | H6: =Farm_EU_data!$AA$7 -> 0.45 | I6: =Farm_EU_data!$H$7 -> 0.76 | J6: =Farm_EU_data!$AD$7 -> 0.18 | K6: =Farm_EU_data!$T$7 -> 0.43 | L6: =Farm_EU_data!$V$7 -> 1.39 | M6: =Farm_EU_data!$K$7 -> 4.75 | N6: =Farm_EU_data!$F$7 -> 0.29 | O6: =B6/C6 -> 0.33032837 | P6: =Farm_UA_data!$H$6/D6 -> 0.17232744
A7: VAR_RATE_TECH | B7: =Farm_UA_data!$D$7 -> 1.2946591 | C7: =Farm_EU_data!$AE$8 -> 5.32 | D7: =Farm_EU_data!$AE$22 -> 16.74 | E7: =Farm_EU_data!$I$8 -> 18.59 | F7: =Farm_EU_data!$Y$8 -> 13.69 | G7: =Farm_EU_data!$Q$8 -> 5.8 | H7: =Farm_EU_data!$AA$8 -> 0.78 | I7: =Farm_EU_data!$H$8 -> 3.36 | J7: =Farm_EU_data!$AD$8 -> 0.71 | K7: =Farm_EU_data!$T$8 -> 0.87 | L7: =Farm_EU_data!$V$8 -> 4.08 | M7: =Farm_EU_data!$K$8 -> 9.6 | N7: =Farm_EU_data!$F$8 -> 0.9 | O7: =B7/C7 -> 0.24335698 | P7: =Farm_UA_data!$H$7/D7 -> 0.077339254
A8: PREC_MON_CROPS | B8: =Farm_UA_data!$D$8 -> 2.9403 | C8: =Farm_EU_data!$AE$9 -> 3.23 | D8: =Farm_EU_data!$AE$23 -> 18.73 | E8: =Farm_EU_data!$I$9 -> 20.96 | F8: =Farm_EU_data!$Y$9 -> 2.82 | G8: =Farm_EU_data!$Q$9 -> 5.32 | H8: =Farm_EU_data!$AA$9 -> 0.37 | I8: =Farm_EU_data!$H$9 -> 1.77 | J8: =Farm_EU_data!$AD$9 -> 0.41 | K8: =Farm_EU_data!$T$9 -> 0.82 | L8: =Farm_EU_data!$V$9 -> 1.09 | M8: =Farm_EU_data!$K$9 -> 4.66 | N8: =Farm_EU_data!$F$9 -> 0.43 | O8: =B8/C8 -> 0.91030959 | P8: =Farm_UA_data!$H$8/D8 -> 0.15698345
A9: SOIL_ANALYSIS | B9: =Farm_UA_data!$D$9 -> 1.1555909 | C9: =Farm_EU_data!$AE$10 -> 11.35 | D9: =Farm_EU_data!$AE$24 -> 45.73 | E9: =Farm_EU_data!$I$10 -> 37.79 | F9: =Farm_EU_data!$Y$10 -> 12.31 | G9: =Farm_EU_data!$Q$10 -> 5.59 | H9: =Farm_EU_data!$AA$10 -> 0.3 | I9: =Farm_EU_data!$H$10 -> 1.34 | J9: =Farm_EU_data!$AD$10 -> 0.65 | K9: =Farm_EU_data!$T$10 -> 2.37 | L9: =Farm_EU_data!$V$10 -> 5.47 | M9: =Farm_EU_data!$K$10 -> 29.75 | N9: =Farm_EU_data!$F$10 -> 1.59 | O9: =B9/C9 -> 0.10181417 | P9: =Farm_UA_data!$H$9/D9 -> 0.025269864
A10: AUTO_FEED_SYS | B10: =Farm_UA_data!$D$10 -> 1.2151915 | C10: =Farm_EU_data!$AE$11 -> 2.44 | D10: =Farm_EU_data!$AE$25 -> 37.24 | E10: =Farm_EU_data!$I$11 -> 12.01 | F10: =Farm_EU_data!$Y$11 -> 1.98 | G10: =Farm_EU_data!$Q$11 -> 1.5 | H10: =Farm_EU_data!$AA$11 -> 0.37 | I10: =Farm_EU_data!$H$11 -> 1.69 | J10: =Farm_EU_data!$AD$11 -> 0.63 | K10: =Farm_EU_data!$T$11 -> 0.19 | L10: =Farm_EU_data!$V$11 -> 0.29 | M10: =Farm_EU_data!$K$11 -> 2.05 | N10: =Farm_EU_data!$F$11 -> 0.36 | O10: =B10/C10 -> 0.49802932 | P10: =Farm_UA_data!$H$10/D10 -> 0.4760867
A11: MILK_ROBOTS | B11: =Farm_UA_data!$D$11 -> 0.245025 | C11: =Farm_EU_data!$AE$12 -> 1.96 | D11: =Farm_EU_data!$AE$26 -> 14.6 | E11: =Farm_EU_data!$I$12 -> 3.46 | F11: =Farm_EU_data!$Y$12 -> 0.06 | G11: =Farm_EU_data!$Q$12 -> 0.23 | H11: =Farm_EU_data!$AA$12 -> 2.87 | I11: =Farm_EU_data!$H$12 -> 0.75 | J11: =Farm_EU_data!$AD$12 -> 0.03 | K11: =Farm_EU_data!$T$12 -> 0.1 | L11: =Farm_EU_data!$V$12 -> 0.53 | M11: =Farm_EU_data!$K$12 -> 0.75 | N11: =Farm_EU_data!$F$12 -> 0.01 | O11: =B11/C11 -> 0.12501275 | P11: =Farm_UA_data!$H$11/D11 -> 0.24485474
A12: MON_ANIMALS | B12: =Farm_UA_data!$D$12 -> 0.65560743 | C12: =Farm_EU_data!$AE$13 -> 4.69 | D12: =Farm_EU_data!$AE$27 -> 49.07 | E12: =Farm_EU_data!$I$13 -> 11.02 | F12: =Farm_EU_data!$Y$13 -> 3.21 | G12: =Farm_EU_data!$Q$13 -> 2.58 | H12: =Farm_EU_data!$AA$13 -> 0.38 | I12: =Farm_EU_data!$H$13 -> 2.71 | J12: =Farm_EU_data!$AD$13 -> 0.68 | K12: =Farm_EU_data!$T$13 -> 1.21 | L12: =Farm_EU_data!$V$13 -> 1.78 | M12: =Farm_EU_data!$K$13 -> 9.62 | N12: =Farm_EU_data!$F$13 -> 3.08 | O12: =B12/C12 -> 0.13978836 | P12: =Farm_UA_data!$H$12/D12 -> 0.19493005
A13: AUTO_REG_CLIMATE | B13: =Farm_UA_data!$D$13 -> 1.1721466 | C13: =Farm_EU_data!$AE$14 -> 2.51 | D13: =Farm_EU_data!$AE$28 -> 38.52 | E13: =Farm_EU_data!$I$14 -> 11.67 | F13: =Farm_EU_data!$Y$14 -> 2.13 | G13: =Farm_EU_data!$Q$14 -> 0.85 | H13: =Farm_EU_data!$AA$14 -> 0.17 | I13: =Farm_EU_data!$H$14 -> 2.14 | J13: =Farm_EU_data!$AD$14 -> 0.46 | K13: =Farm_EU_data!$T$14 -> 0.17 | L13: =Farm_EU_data!$V$14 -> 0.43 | M13: =Farm_EU_data!$K$14 -> 1.87 | N13: =Farm_EU_data!$F$14 -> 0.53 | O13: =B13/C13 -> 0.46699068 | P13: =Farm_UA_data!$H$13/D13 -> 0.44396286
A15: Median ratio | O15: =(SMALL(O4:O13,5)+SMALL(O4:O13,6))/2 -> 0.39865953 | P15: =(SMALL(P4:P13,5)+SMALL(P4:P13,6))/2 -> 0.17729533
A18: Partial layer scores, EU basis: all holdings (DM = MIN(1, P / P_leader))
A19: Unit | B19: ROBOTICS | C19: MAC_ROB_PPP | D19: BAND_SPRAY_PPP | E19: VAR_RATE_TECH | F19: PREC_MON_CROPS | G19: SOIL_ANALYSIS | H19: AUTO_FEED_SYS | I19: MILK_ROBOTS | J19: MON_ANIMALS | K19: AUTO_REG_CLIMATE | L19: DM_C | M19: DM_L3 | N19: DM_L3 crop | O19: DM_L3 livestock
A20: EU27_2020 | B20: =MIN(1,Farm_EU_data!$AE$5/Farm_EU_data!$AF$5) -> 0.19388921 | C20: =MIN(1,Farm_EU_data!$AE$6/Farm_EU_data!$AF$6) -> 0.08956743 | D20: =MIN(1,Farm_EU_data!$AE$7/Farm_EU_data!$AF$7) -> 0.33254344 | E20: =MIN(1,Farm_EU_data!$AE$8/Farm_EU_data!$AF$8) -> 0.28617536 | F20: =MIN(1,Farm_EU_data!$AE$9/Farm_EU_data!$AF$9) -> 0.15410305 | G20: =MIN(1,Farm_EU_data!$AE$10/Farm_EU_data!$AF$10) -> 0.17893741 | H20: =MIN(1,Farm_EU_data!$AE$11/Farm_EU_data!$AF$11) -> 0.16084377 | I20: =MIN(1,Farm_EU_data!$AE$12/Farm_EU_data!$AF$12) -> 0.15947925 | J20: =MIN(1,Farm_EU_data!$AE$13/Farm_EU_data!$AF$13) -> 0.1713555 | K20: =MIN(1,Farm_EU_data!$AE$14/Farm_EU_data!$AF$14) -> 0.1584596 | L20: =B20 -> 0.19388921 | M20: =AVERAGE(C20:K20) -> 0.18794054 | N20: =AVERAGE(C20:G20) -> 0.20826534 | O20: =AVERAGE(H20:K20) -> 0.16253453
A21: DE | B21: =MIN(1,Farm_EU_data!$I$5/Farm_EU_data!$AF$5) -> 0.52141633 | C21: =MIN(1,Farm_EU_data!$I$6/Farm_EU_data!$AF$6) -> 0.16641221 | D21: =MIN(1,Farm_EU_data!$I$7/Farm_EU_data!$AF$7) -> 0.60821485 | E21: =MIN(1,Farm_EU_data!$I$8/Farm_EU_data!$AF$8) -> 1 | F21: =MIN(1,Farm_EU_data!$I$9/Farm_EU_data!$AF$9) -> 1 | G21: =MIN(1,Farm_EU_data!$I$10/Farm_EU_data!$AF$10) -> 0.59577487 | H21: =MIN(1,Farm_EU_data!$I$11/Farm_EU_data!$AF$11) -> 0.79169413 | I21: =MIN(1,Farm_EU_data!$I$12/Farm_EU_data!$AF$12) -> 0.2815297 | J21: =MIN(1,Farm_EU_data!$I$13/Farm_EU_data!$AF$13) -> 0.40263062 | K21: =MIN(1,Farm_EU_data!$I$14/Farm_EU_data!$AF$14) -> 0.73674242 | L21: =B21 -> 0.52141633 | M21: =AVERAGE(C21:K21) -> 0.6203332 | N21: =AVERAGE(C21:G21) -> 0.67408039 | O21: =AVERAGE(H21:K21) -> 0.55314922
A22: PL | B22: =MIN(1,Farm_EU_data!$Y$5/Farm_EU_data!$AF$5) -> 0.038263849 | C22: =MIN(1,Farm_EU_data!$Y$6/Farm_EU_data!$AF$6) -> 0.011195929 | D22: =MIN(1,Farm_EU_data!$Y$7/Farm_EU_data!$AF$7) -> 1 | E22: =MIN(1,Farm_EU_data!$Y$8/Farm_EU_data!$AF$8) -> 0.73641743 | F22: =MIN(1,Farm_EU_data!$Y$9/Farm_EU_data!$AF$9) -> 0.13454198 | G22: =MIN(1,Farm_EU_data!$Y$10/Farm_EU_data!$AF$10) -> 0.19407221 | H22: =MIN(1,Farm_EU_data!$Y$11/Farm_EU_data!$AF$11) -> 0.13052076 | I22: =MIN(1,Farm_EU_data!$Y$12/Farm_EU_data!$AF$12) -> 0.0048820179 | J22: =MIN(1,Farm_EU_data!$Y$13/Farm_EU_data!$AF$13) -> 0.1172817 | K22: =MIN(1,Farm_EU_data!$Y$14/Farm_EU_data!$AF$14) -> 0.1344697 | L22: =B22 -> 0.038263849 | M22: =AVERAGE(C22:K22) -> 0.27370908 | N22: =AVERAGE(C22:G22) -> 0.41524551 | O22: =AVERAGE(H22:K22) -> 0.096788544
A23: HU | B23: =MIN(1,Farm_EU_data!$Q$5/Farm_EU_data!$AF$5) -> 0.074814392 | C23: =MIN(1,Farm_EU_data!$Q$6/Farm_EU_data!$AF$6) -> 0.051399491 | D23: =MIN(1,Farm_EU_data!$Q$7/Farm_EU_data!$AF$7) -> 0.26382306 | E23: =MIN(1,Farm_EU_data!$Q$8/Farm_EU_data!$AF$8) -> 0.3119957 | F23: =MIN(1,Farm_EU_data!$Q$9/Farm_EU_data!$AF$9) -> 0.25381679 | G23: =MIN(1,Farm_EU_data!$Q$10/Farm_EU_data!$AF$10) -> 0.088128646 | H23: =MIN(1,Farm_EU_data!$Q$11/Farm_EU_data!$AF$11) -> 0.098879367 | I23: =MIN(1,Farm_EU_data!$Q$12/Farm_EU_data!$AF$12) -> 0.018714402 | J23: =MIN(1,Farm_EU_data!$Q$13/Farm_EU_data!$AF$13) -> 0.094263792 | K23: =MIN(1,Farm_EU_data!$Q$14/Farm_EU_data!$AF$14) -> 0.053661616 | L23: =B23 -> 0.074814392 | M23: =AVERAGE(C23:K23) -> 0.13718699 | N23: =AVERAGE(C23:G23) -> 0.19383274 | O23: =AVERAGE(H23:K23) -> 0.066379794
A24: RO | B24: =MIN(1,Farm_EU_data!$AA$5/Farm_EU_data!$AF$5) -> 0.093089663 | C24: =MIN(1,Farm_EU_data!$AA$6/Farm_EU_data!$AF$6) -> 0.0071246819 | D24: =MIN(1,Farm_EU_data!$AA$7/Farm_EU_data!$AF$7) -> 0.035545024 | E24: =MIN(1,Farm_EU_data!$AA$8/Farm_EU_data!$AF$8) -> 0.041958042 | F24: =MIN(1,Farm_EU_data!$AA$9/Farm_EU_data!$AF$9) -> 0.017652672 | G24: =MIN(1,Farm_EU_data!$AA$10/Farm_EU_data!$AF$10) -> 0.0047296232 | H24: =MIN(1,Farm_EU_data!$AA$11/Farm_EU_data!$AF$11) -> 0.024390244 | I24: =MIN(1,Farm_EU_data!$AA$12/Farm_EU_data!$AF$12) -> 0.23352319 | J24: =MIN(1,Farm_EU_data!$AA$13/Farm_EU_data!$AF$13) -> 0.013883814 | K24: =MIN(1,Farm_EU_data!$AA$14/Farm_EU_data!$AF$14) -> 0.010732323 | L24: =B24 -> 0.093089663 | M24: =AVERAGE(C24:K24) -> 0.043282179 | N24: =AVERAGE(C24:G24) -> 0.021402009 | O24: =AVERAGE(H24:K24) -> 0.070632393
A25: CZ | B25: =MIN(1,Farm_EU_data!$H$5/Farm_EU_data!$AF$5) -> 0.09737293 | C25: =MIN(1,Farm_EU_data!$H$6/Farm_EU_data!$AF$6) -> 0.043765903 | D25: =MIN(1,Farm_EU_data!$H$7/Farm_EU_data!$AF$7) -> 0.060031596 | E25: =MIN(1,Farm_EU_data!$H$8/Farm_EU_data!$AF$8) -> 0.18074233 | F25: =MIN(1,Farm_EU_data!$H$9/Farm_EU_data!$AF$9) -> 0.084446565 | G25: =MIN(1,Farm_EU_data!$H$10/Farm_EU_data!$AF$10) -> 0.02112565 | H25: =MIN(1,Farm_EU_data!$H$11/Farm_EU_data!$AF$11) -> 0.11140409 | I25: =MIN(1,Farm_EU_data!$H$12/Farm_EU_data!$AF$12) -> 0.061025224 | J25: =MIN(1,Farm_EU_data!$H$13/Farm_EU_data!$AF$13) -> 0.099013518 | K25: =MIN(1,Farm_EU_data!$H$14/Farm_EU_data!$AF$14) -> 0.13510101 | L25: =B25 -> 0.09737293 | M25: =AVERAGE(C25:K25) -> 0.088517321 | N25: =AVERAGE(C25:G25) -> 0.07802241 | O25: =AVERAGE(H25:K25) -> 0.10163596
A26: SK | B26: =MIN(1,Farm_EU_data!$AD$5/Farm_EU_data!$AF$5) -> 0.037407196 | C26: =MIN(1,Farm_EU_data!$AD$6/Farm_EU_data!$AF$6) -> 0.030025445 | D26: =MIN(1,Farm_EU_data!$AD$7/Farm_EU_data!$AF$7) -> 0.014218009 | E26: =MIN(1,Farm_EU_data!$AD$8/Farm_EU_data!$AF$8) -> 0.038192577 | F26: =MIN(1,Farm_EU_data!$AD$9/Farm_EU_data!$AF$9) -> 0.019561069 | G26: =MIN(1,Farm_EU_data!$AD$10/Farm_EU_data!$AF$10) -> 0.010247517 | H26: =MIN(1,Farm_EU_data!$AD$11/Farm_EU_data!$AF$11) -> 0.041529334 | I26: =MIN(1,Farm_EU_data!$AD$12/Farm_EU_data!$AF$12) -> 0.002441009 | J26: =MIN(1,Farm_EU_data!$AD$13/Farm_EU_data!$AF$13) -> 0.02484472 | K26: =MIN(1,Farm_EU_data!$AD$14/Farm_EU_data!$AF$14) -> 0.029040404 | L26: =B26 -> 0.037407196 | M26: =AVERAGE(C26:K26) -> 0.023344454 | N26: =AVERAGE(C26:G26) -> 0.022448923 | O26: =AVERAGE(H26:K26) -> 0.024463867
A27: LT | B27: =MIN(1,Farm_EU_data!$T$5/Farm_EU_data!$AF$5) -> 0.013135351 | C27: =MIN(1,Farm_EU_data!$T$6/Farm_EU_data!$AF$6) -> 0.0025445293 | D27: =MIN(1,Farm_EU_data!$T$7/Farm_EU_data!$AF$7) -> 0.033965245 | E27: =MIN(1,Farm_EU_data!$T$8/Farm_EU_data!$AF$8) -> 0.046799354 | F27: =MIN(1,Farm_EU_data!$T$9/Farm_EU_data!$AF$9) -> 0.039122137 | G27: =MIN(1,Farm_EU_data!$T$10/Farm_EU_data!$AF$10) -> 0.037364023 | H27: =MIN(1,Farm_EU_data!$T$11/Farm_EU_data!$AF$11) -> 0.01252472 | I27: =MIN(1,Farm_EU_data!$T$12/Farm_EU_data!$AF$12) -> 0.0081366965 | J27: =MIN(1,Farm_EU_data!$T$13/Farm_EU_data!$AF$13) -> 0.044208988 | K27: =MIN(1,Farm_EU_data!$T$14/Farm_EU_data!$AF$14) -> 0.010732323 | L27: =B27 -> 0.013135351 | M27: =AVERAGE(C27:K27) -> 0.026155335 | N27: =AVERAGE(C27:G27) -> 0.031959058 | O27: =AVERAGE(H27:K27) -> 0.018900682
A28: LV | B28: =MIN(1,Farm_EU_data!$V$5/Farm_EU_data!$AF$5) -> 0.13363792 | C28: =MIN(1,Farm_EU_data!$V$6/Farm_EU_data!$AF$6) -> 0.13842239 | D28: =MIN(1,Farm_EU_data!$V$7/Farm_EU_data!$AF$7) -> 0.10979463 | E28: =MIN(1,Farm_EU_data!$V$8/Farm_EU_data!$AF$8) -> 0.21947283 | F28: =MIN(1,Farm_EU_data!$V$9/Farm_EU_data!$AF$9) -> 0.052003817 | G28: =MIN(1,Farm_EU_data!$V$10/Farm_EU_data!$AF$10) -> 0.086236796 | H28: =MIN(1,Farm_EU_data!$V$11/Farm_EU_data!$AF$11) -> 0.019116678 | I28: =MIN(1,Farm_EU_data!$V$12/Farm_EU_data!$AF$12) -> 0.043124491 | J28: =MIN(1,Farm_EU_data!$V$13/Farm_EU_data!$AF$13) -> 0.06503471 | K28: =MIN(1,Farm_EU_data!$V$14/Farm_EU_data!$AF$14) -> 0.027146465 | L28: =B28 -> 0.13363792 | M28: =AVERAGE(C28:K28) -> 0.084483646 | N28: =AVERAGE(C28:G28) -> 0.12118609 | O28: =AVERAGE(H28:K28) -> 0.038605586
A29: EE | B29: =MIN(1,Farm_EU_data!$K$5/Farm_EU_data!$AF$5) -> 0.22929754 | C29: =MIN(1,Farm_EU_data!$K$6/Farm_EU_data!$AF$6) -> 0.25648855 | D29: =MIN(1,Farm_EU_data!$K$7/Farm_EU_data!$AF$7) -> 0.37519747 | E29: =MIN(1,Farm_EU_data!$K$8/Farm_EU_data!$AF$8) -> 0.51640667 | F29: =MIN(1,Farm_EU_data!$K$9/Farm_EU_data!$AF$9) -> 0.22232824 | G29: =MIN(1,Farm_EU_data!$K$10/Farm_EU_data!$AF$10) -> 0.46902097 | H29: =MIN(1,Farm_EU_data!$K$11/Farm_EU_data!$AF$11) -> 0.13513514 | I29: =MIN(1,Farm_EU_data!$K$12/Farm_EU_data!$AF$12) -> 0.061025224 | J29: =MIN(1,Farm_EU_data!$K$13/Farm_EU_data!$AF$13) -> 0.35147972 | K29: =MIN(1,Farm_EU_data!$K$14/Farm_EU_data!$AF$14) -> 0.11805556 | L29: =B29 -> 0.22929754 | M29: =AVERAGE(C29:K29) -> 0.27834862 | N29: =AVERAGE(C29:G29) -> 0.36788838 | O29: =AVERAGE(H29:K29) -> 0.16642391
A30: BG | B30: =MIN(1,Farm_EU_data!$F$5/Farm_EU_data!$AF$5) -> 0.015990862 | C30: =MIN(1,Farm_EU_data!$F$6/Farm_EU_data!$AF$6) -> 0.013231552 | D30: =MIN(1,Farm_EU_data!$F$7/Farm_EU_data!$AF$7) -> 0.022906793 | E30: =MIN(1,Farm_EU_data!$F$8/Farm_EU_data!$AF$8) -> 0.048413125 | F30: =MIN(1,Farm_EU_data!$F$9/Farm_EU_data!$AF$9) -> 0.020515267 | G30: =MIN(1,Farm_EU_data!$F$10/Farm_EU_data!$AF$10) -> 0.025067003 | H30: =MIN(1,Farm_EU_data!$F$11/Farm_EU_data!$AF$11) -> 0.023731048 | I30: =MIN(1,Farm_EU_data!$F$12/Farm_EU_data!$AF$12) -> 0.00081366965 | J30: =MIN(1,Farm_EU_data!$F$13/Farm_EU_data!$AF$13) -> 0.11253197 | K30: =MIN(1,Farm_EU_data!$F$14/Farm_EU_data!$AF$14) -> 0.033459596 | L30: =B30 -> 0.015990862 | M30: =AVERAGE(C30:K30) -> 0.03340778 | N30: =AVERAGE(C30:G30) -> 0.026026748 | O30: =AVERAGE(H30:K30) -> 0.042634071
A31: UA | B31: =MIN(1,Farm_UA_data!$D$4/Farm_EU_data!$AF$5) -> 0.11279841 | C31: =MIN(1,Farm_UA_data!$D$5/Farm_EU_data!$AF$6) -> 0.15350923 | D31: =MIN(1,Farm_UA_data!$D$6/Farm_EU_data!$AF$7) -> 0.10984853 | E31: =MIN(1,Farm_UA_data!$D$7/Farm_EU_data!$AF$8) -> 0.069642771 | F31: =MIN(1,Farm_UA_data!$D$8/Farm_EU_data!$AF$9) -> 0.14028149 | G31: =MIN(1,Farm_UA_data!$D$9/Farm_EU_data!$AF$10) -> 0.018218365 | H31: =MIN(1,Farm_UA_data!$D$10/Farm_EU_data!$AF$11) -> 0.080104914 | I31: =MIN(1,Farm_UA_data!$D$11/Farm_EU_data!$AF$12) -> 0.019936941 | J31: =MIN(1,Farm_UA_data!$D$12/Farm_EU_data!$AF$13) -> 0.023953505 | K31: =MIN(1,Farm_UA_data!$D$13/Farm_EU_data!$AF$14) -> 0.073999155 | L31: =B31 -> 0.11279841 | M31: =AVERAGE(C31:K31) -> 0.076610545 | N31: =AVERAGE(C31:G31) -> 0.098300078 | O31: =AVERAGE(H31:K31) -> 0.049498629
A36: Partial layer scores, EU basis: large holdings (DM = MIN(1, P / P_leader))
A37: Unit | B37: ROBOTICS | C37: MAC_ROB_PPP | D37: BAND_SPRAY_PPP | E37: VAR_RATE_TECH | F37: PREC_MON_CROPS | G37: SOIL_ANALYSIS | H37: AUTO_FEED_SYS | I37: MILK_ROBOTS | J37: MON_ANIMALS | K37: AUTO_REG_CLIMATE | L37: DM_C | M37: DM_L3 | N37: DM_L3 crop | O37: DM_L3 livestock
A38: EU27_2020 | B38: =MIN(1,Farm_EU_data!$AE$19/Farm_EU_data!$AF$19) -> 0.56785196 | C38: =MIN(1,Farm_EU_data!$AE$20/Farm_EU_data!$AF$20) -> 0.3230529 | D38: =MIN(1,Farm_EU_data!$AE$21/Farm_EU_data!$AF$21) -> 0.34428328 | E38: =MIN(1,Farm_EU_data!$AE$22/Farm_EU_data!$AF$22) -> 0.36582168 | F38: =MIN(1,Farm_EU_data!$AE$23/Farm_EU_data!$AF$23) -> 0.36899133 | G38: =MIN(1,Farm_EU_data!$AE$24/Farm_EU_data!$AF$24) -> 0.52690402 | H38: =MIN(1,Farm_EU_data!$AE$25/Farm_EU_data!$AF$25) -> 0.49448944 | I38: =MIN(1,Farm_EU_data!$AE$26/Farm_EU_data!$AF$26) -> 0.35299807 | J38: =MIN(1,Farm_EU_data!$AE$27/Farm_EU_data!$AF$27) -> 0.6515735 | K38: =MIN(1,Farm_EU_data!$AE$28/Farm_EU_data!$AF$28) -> 0.51305274 | L38: =B38 -> 0.56785196 | M38: =AVERAGE(C38:K38) -> 0.43790744 | N38: =AVERAGE(C38:G38) -> 0.38581064 | O38: =AVERAGE(H38:K38) -> 0.50302844
A39: DE | B39: =MIN(1,Farm_EU_data!$I$19/Farm_EU_data!$AF$19) -> 0.76306241 | C39: =MIN(1,Farm_EU_data!$I$20/Farm_EU_data!$AF$20) -> 0.19519813 | D39: =MIN(1,Farm_EU_data!$I$21/Farm_EU_data!$AF$21) -> 0.52943686 | E39: =MIN(1,Farm_EU_data!$I$22/Farm_EU_data!$AF$22) -> 1 | F39: =MIN(1,Farm_EU_data!$I$23/Farm_EU_data!$AF$23) -> 1 | G39: =MIN(1,Farm_EU_data!$I$24/Farm_EU_data!$AF$24) -> 0.76356723 | H39: =MIN(1,Farm_EU_data!$I$25/Farm_EU_data!$AF$25) -> 0.72885407 | I39: =MIN(1,Farm_EU_data!$I$26/Farm_EU_data!$AF$26) -> 0.40812379 | J39: =MIN(1,Farm_EU_data!$I$27/Farm_EU_data!$AF$27) -> 0.53830833 | K39: =MIN(1,Farm_EU_data!$I$28/Farm_EU_data!$AF$28) -> 0.67954182 | L39: =B39 -> 0.76306241 | M39: =AVERAGE(C39:K39) -> 0.64922558 | N39: =AVERAGE(C39:G39) -> 0.69764044 | O39: =AVERAGE(H39:K39) -> 0.588707
A40: PL | B40: =MIN(1,Farm_EU_data!$Y$19/Farm_EU_data!$AF$19) -> 0.13080552 | C40: =MIN(1,Farm_EU_data!$Y$20/Farm_EU_data!$AF$20) -> 0.077298458 | D40: =MIN(1,Farm_EU_data!$Y$21/Farm_EU_data!$AF$21) -> 1 | E40: =MIN(1,Farm_EU_data!$Y$22/Farm_EU_data!$AF$22) -> 0.57386364 | F40: =MIN(1,Farm_EU_data!$Y$23/Farm_EU_data!$AF$23) -> 0.321513 | G40: =MIN(1,Farm_EU_data!$Y$24/Farm_EU_data!$AF$24) -> 0.53393248 | H40: =MIN(1,Farm_EU_data!$Y$25/Farm_EU_data!$AF$25) -> 0.79591024 | I40: =MIN(1,Farm_EU_data!$Y$26/Farm_EU_data!$AF$26) -> 0.10275629 | J40: =MIN(1,Farm_EU_data!$Y$27/Farm_EU_data!$AF$27) -> 0.62249369 | K40: =MIN(1,Farm_EU_data!$Y$28/Farm_EU_data!$AF$28) -> 0.7225626 | L40: =B40 -> 0.13080552 | M40: =AVERAGE(C40:K40) -> 0.52781449 | N40: =AVERAGE(C40:G40) -> 0.50132152 | O40: =AVERAGE(H40:K40) -> 0.5609307
A41: HU | B41: =MIN(1,Farm_EU_data!$Q$19/Farm_EU_data!$AF$19) -> 0.26904935 | C41: =MIN(1,Farm_EU_data!$Q$20/Farm_EU_data!$AF$20) -> 0.088034355 | D41: =MIN(1,Farm_EU_data!$Q$21/Farm_EU_data!$AF$21) -> 0.59513652 | E41: =MIN(1,Farm_EU_data!$Q$22/Farm_EU_data!$AF$22) -> 0.58697552 | F41: =MIN(1,Farm_EU_data!$Q$23/Farm_EU_data!$AF$23) -> 0.464342 | G41: =MIN(1,Farm_EU_data!$Q$24/Farm_EU_data!$AF$24) -> 0.30049545 | H41: =MIN(1,Farm_EU_data!$Q$25/Farm_EU_data!$AF$25) -> 0.54680653 | I41: =MIN(1,Farm_EU_data!$Q$26/Farm_EU_data!$AF$26) -> 0.10662476 | J41: =MIN(1,Farm_EU_data!$Q$27/Farm_EU_data!$AF$27) -> 0.67042889 | K41: =MIN(1,Farm_EU_data!$Q$28/Farm_EU_data!$AF$28) -> 0.46350559 | L41: =B41 -> 0.26904935 | M41: =AVERAGE(C41:K41) -> 0.42470551 | N41: =AVERAGE(C41:G41) -> 0.40699677 | O41: =AVERAGE(H41:K41) -> 0.44684144
A42: RO | B42: =MIN(1,Farm_EU_data!$AA$19/Farm_EU_data!$AF$19) -> 0.31240929 | C42: =MIN(1,Farm_EU_data!$AA$20/Farm_EU_data!$AF$20) -> 0.02498536 | D42: =MIN(1,Farm_EU_data!$AA$21/Farm_EU_data!$AF$21) -> 0.20989761 | E42: =MIN(1,Farm_EU_data!$AA$22/Farm_EU_data!$AF$22) -> 0.21634615 | F42: =MIN(1,Farm_EU_data!$AA$23/Farm_EU_data!$AF$23) -> 0.10066982 | G42: =MIN(1,Farm_EU_data!$AA$24/Farm_EU_data!$AF$24) -> 0.073625994 | H42: =MIN(1,Farm_EU_data!$AA$25/Farm_EU_data!$AF$25) -> 0.36675076 | I42: =MIN(1,Farm_EU_data!$AA$26/Farm_EU_data!$AF$26) -> 0.99008704 | J42: =MIN(1,Farm_EU_data!$AA$27/Farm_EU_data!$AF$27) -> 0.2465808 | K42: =MIN(1,Farm_EU_data!$AA$28/Farm_EU_data!$AF$28) -> 0.1965903 | L42: =B42 -> 0.31240929 | M42: =AVERAGE(C42:K42) -> 0.26950376 | N42: =AVERAGE(C42:G42) -> 0.12510499 | O42: =AVERAGE(H42:K42) -> 0.45000223
A43: CZ | B43: =MIN(1,Farm_EU_data!$H$19/Farm_EU_data!$AF$19) -> 0.26505806 | C43: =MIN(1,Farm_EU_data!$H$20/Farm_EU_data!$AF$20) -> 0.072613703 | D43: =MIN(1,Farm_EU_data!$H$21/Farm_EU_data!$AF$21) -> 0.13609215 | E43: =MIN(1,Farm_EU_data!$H$22/Farm_EU_data!$AF$22) -> 0.34047203 | F43: =MIN(1,Farm_EU_data!$H$23/Farm_EU_data!$AF$23) -> 0.16390859 | G43: =MIN(1,Farm_EU_data!$H$24/Farm_EU_data!$AF$24) -> 0.067288858 | H43: =MIN(1,Farm_EU_data!$H$25/Farm_EU_data!$AF$25) -> 0.27579339 | I43: =MIN(1,Farm_EU_data!$H$26/Farm_EU_data!$AF$26) -> 0.21034816 | J43: =MIN(1,Farm_EU_data!$H$27/Farm_EU_data!$AF$27) -> 0.47470455 | K43: =MIN(1,Farm_EU_data!$H$28/Farm_EU_data!$AF$28) -> 0.38612147 | L43: =B43 -> 0.26505806 | M43: =AVERAGE(C43:K43) -> 0.23637143 | N43: =AVERAGE(C43:G43) -> 0.15607507 | O43: =AVERAGE(H43:K43) -> 0.33674189
A44: SK | B44: =MIN(1,Farm_EU_data!$AD$19/Farm_EU_data!$AF$19) -> 0.13461538 | C44: =MIN(1,Farm_EU_data!$AD$20/Farm_EU_data!$AF$20) -> 0.068904939 | D44: =MIN(1,Farm_EU_data!$AD$21/Farm_EU_data!$AF$21) -> 0.050341297 | E44: =MIN(1,Farm_EU_data!$AD$22/Farm_EU_data!$AF$22) -> 0.094187063 | F44: =MIN(1,Farm_EU_data!$AD$23/Farm_EU_data!$AF$23) -> 0.046296296 | G44: =MIN(1,Farm_EU_data!$AD$24/Farm_EU_data!$AF$24) -> 0.036179283 | H44: =MIN(1,Farm_EU_data!$AD$25/Farm_EU_data!$AF$25) -> 0.14221219 | I44: =MIN(1,Farm_EU_data!$AD$26/Farm_EU_data!$AF$26) -> 0.02877176 | J44: =MIN(1,Farm_EU_data!$AD$27/Farm_EU_data!$AF$27) -> 0.14221219 | K44: =MIN(1,Farm_EU_data!$AD$28/Farm_EU_data!$AF$28) -> 0.11094832 | L44: =B44 -> 0.13461538 | M44: =AVERAGE(C44:K44) -> 0.080005927 | N44: =AVERAGE(C44:G44) -> 0.059181776 | O44: =AVERAGE(H44:K44) -> 0.10603612
A45: LT | B45: =MIN(1,Farm_EU_data!$T$19/Farm_EU_data!$AF$19) -> 0.092525399 | C45: =MIN(1,Farm_EU_data!$T$20/Farm_EU_data!$AF$20) -> 0.0099551044 | D45: =MIN(1,Farm_EU_data!$T$21/Farm_EU_data!$AF$21) -> 0.17235495 | E45: =MIN(1,Farm_EU_data!$T$22/Farm_EU_data!$AF$22) -> 0.19121503 | F45: =MIN(1,Farm_EU_data!$T$23/Farm_EU_data!$AF$23) -> 0.15248227 | G45: =MIN(1,Farm_EU_data!$T$24/Farm_EU_data!$AF$24) -> 0.1958751 | H45: =MIN(1,Farm_EU_data!$T$25/Farm_EU_data!$AF$25) -> 0.18722613 | I45: =MIN(1,Farm_EU_data!$T$26/Farm_EU_data!$AF$26) -> 0.18592843 | J45: =MIN(1,Farm_EU_data!$T$27/Farm_EU_data!$AF$27) -> 0.42557429 | K45: =MIN(1,Farm_EU_data!$T$28/Farm_EU_data!$AF$28) -> 0.1707512 | L45: =B45 -> 0.092525399 | M45: =AVERAGE(C45:K45) -> 0.18792917 | N45: =AVERAGE(C45:G45) -> 0.14437649 | O45: =AVERAGE(H45:K45) -> 0.24237001
A46: LV | B46: =MIN(1,Farm_EU_data!$V$19/Farm_EU_data!$AF$19) -> 0.74056604 | C46: =MIN(1,Farm_EU_data!$V$20/Farm_EU_data!$AF$20) -> 0.4165528 | D46: =MIN(1,Farm_EU_data!$V$21/Farm_EU_data!$AF$21) -> 0.40571672 | E46: =MIN(1,Farm_EU_data!$V$22/Farm_EU_data!$AF$22) -> 0.64597902 | F46: =MIN(1,Farm_EU_data!$V$23/Farm_EU_data!$AF$23) -> 0.16706068 | G46: =MIN(1,Farm_EU_data!$V$24/Farm_EU_data!$AF$24) -> 0.32872451 | H46: =MIN(1,Farm_EU_data!$V$25/Farm_EU_data!$AF$25) -> 0.16305935 | I46: =MIN(1,Farm_EU_data!$V$26/Farm_EU_data!$AF$26) -> 0.46663443 | J46: =MIN(1,Farm_EU_data!$V$27/Farm_EU_data!$AF$27) -> 0.44257071 | K46: =MIN(1,Farm_EU_data!$V$28/Farm_EU_data!$AF$28) -> 0.210309 | L46: =B46 -> 0.74056604 | M46: =AVERAGE(C46:K46) -> 0.36073414 | N46: =AVERAGE(C46:G46) -> 0.39280675 | O46: =AVERAGE(H46:K46) -> 0.32064337
A47: EE | B47: =MIN(1,Farm_EU_data!$K$19/Farm_EU_data!$AF$19) -> 0.62753991 | C47: =MIN(1,Farm_EU_data!$K$20/Farm_EU_data!$AF$20) -> 0.35662698 | D47: =MIN(1,Farm_EU_data!$K$21/Farm_EU_data!$AF$21) -> 0.57423208 | E47: =MIN(1,Farm_EU_data!$K$22/Farm_EU_data!$AF$22) -> 0.70388986 | F47: =MIN(1,Farm_EU_data!$K$23/Farm_EU_data!$AF$23) -> 0.32210402 | G47: =MIN(1,Farm_EU_data!$K$24/Farm_EU_data!$AF$24) -> 0.84203249 | H47: =MIN(1,Farm_EU_data!$K$25/Farm_EU_data!$AF$25) -> 0.50418271 | I47: =MIN(1,Farm_EU_data!$K$26/Farm_EU_data!$AF$26) -> 0.42843327 | J47: =MIN(1,Farm_EU_data!$K$27/Farm_EU_data!$AF$27) -> 0.87398752 | K47: =MIN(1,Farm_EU_data!$K$28/Farm_EU_data!$AF$28) -> 0.50572722 | L47: =B47 -> 0.62753991 | M47: =AVERAGE(C47:K47) -> 0.56791291 | N47: =AVERAGE(C47:G47) -> 0.55977709 | O47: =AVERAGE(H47:K47) -> 0.57808268
A48: BG | B48: =MIN(1,Farm_EU_data!$F$19/Farm_EU_data!$AF$19) -> 0.093432511 | C48: =MIN(1,Farm_EU_data!$F$20/Farm_EU_data!$AF$20) -> 0.044309975 | D48: =MIN(1,Farm_EU_data!$F$21/Farm_EU_data!$AF$21) -> 0.073805461 | E48: =MIN(1,Farm_EU_data!$F$22/Farm_EU_data!$AF$22) -> 0.15734266 | F48: =MIN(1,Farm_EU_data!$F$23/Farm_EU_data!$AF$23) -> 0.041962175 | G48: =MIN(1,Farm_EU_data!$F$24/Farm_EU_data!$AF$24) -> 0.072243346 | H48: =MIN(1,Farm_EU_data!$F$25/Farm_EU_data!$AF$25) -> 0.20515204 | I48: =MIN(1,Farm_EU_data!$F$26/Farm_EU_data!$AF$26) -> 0.019584139 | J48: =MIN(1,Farm_EU_data!$F$27/Farm_EU_data!$AF$27) -> 0.51812508 | K48: =MIN(1,Farm_EU_data!$F$28/Farm_EU_data!$AF$28) -> 0.25985615 | L48: =B48 -> 0.093432511 | M48: =AVERAGE(C48:K48) -> 0.154709 | N48: =AVERAGE(C48:G48) -> 0.077932723 | O48: =AVERAGE(H48:K48) -> 0.25067935
A49: UA | B49: =MIN(1,Farm_UA_data!$H$4/Farm_EU_data!$AF$19) -> 0.071665463 | C49: =MIN(1,Farm_UA_data!$H$5/Farm_EU_data!$AF$20) -> 0.058880664 | D49: =MIN(1,Farm_UA_data!$H$6/Farm_EU_data!$AF$21) -> 0.059329455 | E49: =MIN(1,Farm_UA_data!$H$7/Farm_EU_data!$AF$22) -> 0.028292376 | F49: =MIN(1,Farm_UA_data!$H$8/Farm_EU_data!$AF$23) -> 0.057925532 | G49: =MIN(1,Farm_UA_data!$H$9/Farm_EU_data!$AF$24) -> 0.013314793 | H49: =MIN(1,Farm_UA_data!$H$10/Farm_EU_data!$AF$25) -> 0.23541985 | I49: =MIN(1,Farm_UA_data!$H$11/Farm_EU_data!$AF$26) -> 0.08643325 | J49: =MIN(1,Farm_UA_data!$H$12/Farm_EU_data!$AF$27) -> 0.12701125 | K49: =MIN(1,Farm_UA_data!$H$13/Farm_EU_data!$AF$28) -> 0.22777636 | L49: =B49 -> 0.071665463 | M49: =AVERAGE(C49:K49) -> 0.099375948 | N49: =AVERAGE(C49:G49) -> 0.043548564 | O49: =AVERAGE(H49:K49) -> 0.16916018

Sheet Processing_data
A1: Food processing (NACE C10-C12), enterprises 10+, % of enterprises: Eurostat and Derzhstat values
A3: Pair | B3: Component | C3: Eurostat dataset | D3: Eurostat indicator | E3: Year EU | F3: Year UA | G3: AT | H3: BE | I3: BG | J3: CY | K3: CZ | L3: DE | M3: DK | N3: EE | O3: EL | P3: ES | Q3: FI | R3: FR | S3: HR | T3: HU | U3: IE | V3: IT | W3: LT | X3: LU | Y3: LV | Z3: MT | AA3: NL | AB3: PL | AC3: PT | AD3: RO | AE3: SE | AF3: SI | AG3: SK | AH3: EU27_2020 | AI3: UA | AJ3: Leader value | AK3: Leader | AL3: Minimum (member states) | AM3: Eurostat DOI | AN3: Derzhstat link
A4: ERP | B4: C | C4: isoc_eb_iipn2 | D4: E_ERP1 | E4: 2025 | F4: 2025 | G4: 39.48 | I4: 20.79 | J4: 51.17 | K4: 48.16 | L4: 36.76 | N4: 37.23 | O4: 64.7 | P4: 66.42 | R4: 44.73 | S4: 16.52 | T4: 28.07 | U4: 40.95 | V4: 48.97 | W4: 59.21 | Y4: 45.3 | Z4: 51.12 | AA4: 56.49 | AB4: 37.18 | AD4: 21.02 | AE4: 28.82 | AF4: 23.51 | AG4: 21.08 | AH4: 45.06 | AI4: 20.4 | AJ4: =MAX(G4:AG4) -> 66.42 | AK4: =INDEX($G$3:$AG$3,MATCH(AJ4,G4:AG4,0)) -> ES | AL4: =MIN(G4:AG4) -> 16.52 | AM4: https://doi.org/10.2908/ISOC_EB_IIPN2 | AN4: https://stat.gov.ua/uk/explorer?urn=SSSU%3ADF_INFORM_COMMUN_TECH_ENTRP%28~%29
A5: IOT_PRODUCTION | B5: C | C5: isoc_eb_iotn2 | D5: E_IOTDPP | E5: 2021 | F5: 2022 | G5: 13.7 | I5: 5.36 | J5: 15.53 | K5: 15.03 | L5: 10.5 | M5: 4.82 | N5: 11.98 | O5: 5.78 | R5: 2.41 | S5: 3.9 | T5: 6.77 | U5: 11.38 | V5: 21.2 | W5: 13.88 | Y5: 14.43 | Z5: 16.37 | AA5: 9.17 | AB5: 6.4 | AC5: 2.28 | AD5: 3.04 | AE5: 19.37 | AF5: 17.6 | AG5: 11.25 | AH5: 9.68 | AI5: 2.2 | AJ5: =MAX(G5:AG5) -> 21.2 | AK5: =INDEX($G$3:$AG$3,MATCH(AJ5,G5:AG5,0)) -> IT | AL5: =MIN(G5:AG5) -> 2.28 | AM5: https://doi.org/10.2908/ISOC_EB_IOTN2 | AN5: https://stat.gov.ua/uk/explorer?urn=SSSU%3ADF_INFORM_COMMUN_TECH_ENTRP%28~%29
A6: ICT_SECURITY_DOCUMENT | B6: C | C6: isoc_cisce_ran2 | D6: E_SECPOL2 | E6: 2024 | F6: 2023 | G6: 16.94 | I6: 5.87 | J6: 23.67 | K6: 16.8 | L6: 25.81 | M6: 36.4 | N6: 40.14 | O6: 13.84 | P6: 30.13 | R6: 14.9 | S6: 9.32 | T6: 8.95 | U6: 65.85 | V6: 30.27 | W6: 35.41 | Y6: 50.69 | Z6: 16.51 | AA6: 34.67 | AB6: 30.78 | AC6: 53.98 | AD6: 56.74 | AE6: 34.96 | AF6: 31.73 | AG6: 13.44 | AH6: 26.68 | AI6: 7.3 | AJ6: =MAX(G6:AG6) -> 65.85 | AK6: =INDEX($G$3:$AG$3,MATCH(AJ6,G6:AG6,0)) -> IE | AL6: =MIN(G6:AG6) -> 5.87 | AM6: https://doi.org/10.2908/ISOC_CISCE_RAN2 | AN6: https://stat.gov.ua/uk/explorer?urn=SSSU%3ADF_INFORM_COMMUN_TECH_ENTRP%28~%29
A7: ICT_TRAINING_ICT_SPECIALISTS | B7: L1 | C7: isoc_ske_ittn2 | D7: E_ITSPT2 | E7: 2024 | F7: 2025 | G7: 11.97 | H7: 17.83 | I7: 2.11 | J7: 7.35 | K7: 7.5 | L7: 6.39 | M7: 13.25 | N7: 4.53 | O7: 6.84 | P7: 6.37 | R7: 3.13 | S7: 3.32 | T7: 5.78 | U7: 18.08 | V7: 6.21 | W7: 7.73 | Y7: 6.16 | Z7: 12.92 | AA7: 17.3 | AB7: 13.48 | AC7: 8.14 | AD7: 5.75 | AE7: 5.46 | AF7: 6.87 | AG7: 4.16 | AH7: 7.1 | AI7: 5 | AJ7: =MAX(G7:AG7) -> 18.08 | AK7: =INDEX($G$3:$AG$3,MATCH(AJ7,G7:AG7,0)) -> IE | AL7: =MIN(G7:AG7) -> 2.11 | AM7: https://doi.org/10.2908/ISOC_SKE_ITTN2 | AN7: https://stat.gov.ua/uk/explorer?urn=SSSU%3ADF_INFORM_COMMUN_TECH_ENTRP%28~%29
A8: ICT_TRAINING_OTHER_EMPLOYEES | B8: L1 | C8: isoc_ske_ittn2 | D8: E_ITUST2 | E8: 2024 | F8: 2025 | G8: 11.14 | H8: 32.41 | I8: 3.31 | J8: 19.74 | K8: 15.92 | L8: 13.32 | M8: 19.46 | N8: 16.59 | O8: 8.35 | P8: 21.08 | R8: 7.03 | S8: 11.54 | T8: 9.22 | U8: 33.89 | V8: 15.66 | W8: 11.97 | Y8: 6.63 | Z8: 23.69 | AA8: 23.72 | AB8: 17.33 | AC8: 26.75 | AD8: 5.59 | AE8: 18.39 | AF8: 19.77 | AG8: 8.13 | AH8: 14.36 | AI8: 6.5 | AJ8: =MAX(G8:AG8) -> 33.89 | AK8: =INDEX($G$3:$AG$3,MATCH(AJ8,G8:AG8,0)) -> IE | AL8: =MIN(G8:AG8) -> 3.31 | AM8: https://doi.org/10.2908/ISOC_SKE_ITTN2 | AN8: https://stat.gov.ua/uk/explorer?urn=SSSU%3ADF_INFORM_COMMUN_TECH_ENTRP%28~%29
A9: SUPPLY_CHAIN_DATA_EXCHANGE | B9: L2 | C9: isoc_eb_icsn2 | D9: E_SISC | E9: 2023 | F9: 2025 | G9: 25.73 | I9: 10.11 | J9: 8.77 | K9: 37.12 | L9: 26.65 | M9: 36.49 | N9: 32.43 | O9: 13.83 | R9: 19.35 | S9: 5.55 | U9: 35.87 | V9: 15.52 | W9: 27.11 | Y9: 20.34 | Z9: 13.18 | AA9: 37.45 | AB9: 23.63 | AC9: 20.25 | AD9: 9.78 | AE9: 14.93 | AF9: 52.82 | AG9: 34.14 | AH9: 23.16 | AI9: 31.6 | AJ9: =MAX(G9:AG9) -> 52.82 | AK9: =INDEX($G$3:$AG$3,MATCH(AJ9,G9:AG9,0)) -> SI | AL9: =MIN(G9:AG9) -> 5.55 | AM9: https://doi.org/10.2908/ISOC_EB_ICSN2 | AN9: https://stat.gov.ua/uk/explorer?urn=SSSU%3ADF_INFORM_COMMUN_TECH_ENTRP%28~%29
A10: DATA_ANALYTICS | B10: L2 | C10: isoc_eb_dan2 | D10: E_DA | E10: 2025 | F10: 2025 | G10: 19.32 | I10: 22.86 | J10: 47.21 | K10: 41.51 | L10: 33.79 | N10: 50.27 | O10: 36.33 | P10: 45.34 | R10: 31.46 | S10: 33.34 | T10: 42.83 | U10: 48.26 | V10: 50 | W10: 66.58 | Y10: 46.34 | Z10: 46.72 | AA10: 53.28 | AB10: 18.72 | AD10: 31.63 | AE10: 35.44 | AF10: 33.44 | AG10: 29.39 | AH10: 37.73 | AI10: 21.3 | AJ10: =MAX(G10:AG10) -> 66.58 | AK10: =INDEX($G$3:$AG$3,MATCH(AJ10,G10:AG10,0)) -> LT | AL10: =MIN(G10:AG10) -> 18.72 | AM10: https://doi.org/10.2908/ISOC_EB_DAN2 | AN10: https://stat.gov.ua/uk/explorer?urn=SSSU%3ADF_INFORM_COMMUN_TECH_ENTRP%28~%29
A11: IOT_ANY | B11: L2 | C11: isoc_eb_iotn2 | D11: E_IOT1 | E11: 2021 | F11: 2022 | I11: 15.28 | J11: 43.71 | K11: 34.29 | L11: 38.22 | M11: 24.38 | N11: 25.37 | O11: 23.44 | R11: 20.42 | S11: 22.37 | T11: 21.11 | U11: 40.67 | V11: 40.33 | W11: 37.8 | Y11: 30.05 | Z11: 34.88 | AA11: 29.12 | AB11: 15.84 | AC11: 16.76 | AD11: 10.11 | AE11: 49.89 | AF11: 46.66 | AG11: 35.54 | AH11: 29.43 | AI11: 9.4 | AJ11: =MAX(G11:AG11) -> 49.89 | AK11: =INDEX($G$3:$AG$3,MATCH(AJ11,G11:AG11,0)) -> SE | AL11: =MIN(G11:AG11) -> 10.11 | AM11: https://doi.org/10.2908/ISOC_EB_IOTN2 | AN11: https://stat.gov.ua/uk/explorer?urn=SSSU%3ADF_INFORM_COMMUN_TECH_ENTRP%28~%29
A12: MOBILE_INTERNET | B12: L3 | C12: isoc_cimobe_usen2 | D12: E_EMPMD2_GT0 | E12: 2024 | F12: 2023 | I12: 72.42 | J12: 87.13 | K12: 81.73 | L12: 86.34 | N12: 85.59 | O12: 64.55 | P12: 88.83 | R12: 79.46 | T12: 70.48 | U12: 89.95 | W12: 94.02 | Y12: 89.96 | Z12: 87.43 | AA12: 74.41 | AB12: 87.56 | AC12: 84.66 | AD12: 81.61 | AF12: 95.81 | AG12: 58.74 | AH12: 82.47 | AI12: 45.9 | AJ12: =MAX(G12:AG12) -> 95.81 | AK12: =INDEX($G$3:$AG$3,MATCH(AJ12,G12:AG12,0)) -> SI | AL12: =MIN(G12:AG12) -> 58.74 | AM12: https://doi.org/10.2908/ISOC_CIMOBE_USEN2 | AN12: https://stat.gov.ua/uk/explorer?urn=SSSU%3ADF_INFORM_COMMUN_TECH_ENTRP%28~%29
A13: PAID_CLOUD | B13: L3 | C13: isoc_cicce_usen2 | D13: E_CC | E13: 2025 | F13: 2025 | G13: 45.99 | I13: 11.32 | J13: 47.05 | K13: 42.58 | L13: 39.13 | N13: 65.76 | O13: 21.58 | P13: 35.36 | R13: 25.15 | S13: 29.31 | T13: 33.93 | U13: 71.23 | V13: 67.77 | W13: 58.23 | Y13: 33.37 | Z13: 57.71 | AA13: 62.97 | AB13: 45.08 | AC13: 33.02 | AD13: 18.73 | AE13: 64.58 | AF13: 32.28 | AG13: 35.09 | AH13: 40.88 | AI13: 16.9 | AJ13: =MAX(G13:AG13) -> 71.23 | AK13: =INDEX($G$3:$AG$3,MATCH(AJ13,G13:AG13,0)) -> IE | AL13: =MIN(G13:AG13) -> 11.32 | AM13: https://doi.org/10.2908/ISOC_CICCE_USEN2 | AN13: https://stat.gov.ua/uk/explorer?urn=SSSU%3ADF_INFORM_COMMUN_TECH_ENTRP%28~%29
A14: ECOMMERCE_SALES | B14: L4 | C14: isoc_ec_eseln2 | D14: E_AESELL | E14: 2025 | F14: 2025 | G14: 45.69 | I14: 14.76 | J14: 24.96 | K14: 40.98 | L14: 33.04 | N14: 46.96 | O14: 14.51 | P14: 52.06 | R14: 33.28 | S14: 18.59 | T14: 26.74 | U14: 60.76 | V14: 29.37 | W14: 60.44 | Y14: 41.87 | Z14: 31.23 | AA14: 62.2 | AB14: 19.19 | AD14: 21.05 | AE14: 50.49 | AF14: 37.9 | AG14: 42.72 | AH14: 34.16 | AI14: 16.8 | AJ14: =MAX(G14:AG14) -> 62.2 | AK14: =INDEX($G$3:$AG$3,MATCH(AJ14,G14:AG14,0)) -> NL | AL14: =MIN(G14:AG14) -> 14.51 | AM14: https://doi.org/10.2908/ISOC_EC_ESELN2 | AN14: https://stat.gov.ua/uk/explorer?urn=SSSU%3ADF_INFORM_COMMUN_TECH_ENTRP%28~%29
A15: WEBSITE | B15: L4 | C15: isoc_ciwebn2 | D15: E_WEB | E15: 2025 | F15: 2025 | G15: 82.38 | I15: 45.61 | J15: 60.54 | K15: 79.11 | L15: 87.9 | M15: 97.47 | N15: 69.47 | O15: 62.49 | P15: 85.84 | R15: 57.94 | S15: 37.97 | T15: 58.88 | U15: 82.14 | V15: 77.49 | W15: 81.57 | Y15: 67.79 | Z15: 73.75 | AA15: 90.77 | AB15: 57.15 | AD15: 50.19 | AE15: 91.5 | AF15: 82.94 | AG15: 72.42 | AH15: 71.83 | AI15: 43 | AJ15: =MAX(G15:AG15) -> 97.47 | AK15: =INDEX($G$3:$AG$3,MATCH(AJ15,G15:AG15,0)) -> DK | AL15: =MIN(G15:AG15) -> 37.97 | AM15: https://doi.org/10.2908/ISOC_CIWEBN2 | AN15: https://stat.gov.ua/uk/explorer?urn=SSSU%3ADF_INFORM_COMMUN_TECH_ENTRP%28~%29
A16: CRM | B16: L4 | C16: isoc_eb_iipn2 | D16: E_CRM1 | E16: 2025 | F16: 2025 | G16: 22.4 | I16: 6.67 | J16: 23.56 | K16: 30.18 | L16: 15.17 | M16: 18.31 | N16: 11.41 | O16: 12.65 | P16: 27.11 | R16: 15.77 | S16: 8.55 | T16: 12.58 | U16: 17.33 | V16: 14.78 | W16: 26.04 | Y16: 13.14 | Z16: 26.29 | AA16: 31.25 | AB16: 21.14 | AC16: 16.85 | AD16: 8.78 | AE16: 18 | AF16: 11.61 | AG16: 13.71 | AH16: 17.99 | AI16: 6.9 | AJ16: =MAX(G16:AG16) -> 31.25 | AK16: =INDEX($G$3:$AG$3,MATCH(AJ16,G16:AG16,0)) -> NL | AL16: =MIN(G16:AG16) -> 6.67 | AM16: https://doi.org/10.2908/ISOC_EB_IIPN2 | AN16: https://stat.gov.ua/uk/explorer?urn=SSSU%3ADF_INFORM_COMMUN_TECH_ENTRP%28~%29
A17: EINVOICE_AUTOMATED | B17: DM_I | C17: isoc_eb_icsn2 | D17: E_INV4S_AP | E17: 2023 | F17: 2025 | G17: 29.09 | I17: 19.93 | J17: 19.54 | K17: 35.18 | L17: 25.93 | M17: 59.51 | N17: 78.38 | O17: 17.63 | R17: 32.02 | S17: 55.17 | T17: 31.7 | U17: 55.41 | V17: 97.92 | W17: 43.99 | Y17: 38.2 | Z17: 24.71 | AA17: 41.55 | AB17: 16.13 | AC17: 27.08 | AD17: 43.09 | AE17: 62.26 | AF17: 60.58 | AG17: 37.93 | AH17: 41.5 | AI17: 37.8 | AJ17: =MAX(G17:AG17) -> 97.92 | AK17: =INDEX($G$3:$AG$3,MATCH(AJ17,G17:AG17,0)) -> IT | AL17: =MIN(G17:AG17) -> 16.13 | AM17: https://doi.org/10.2908/ISOC_EB_ICSN2 | AN17: https://stat.gov.ua/uk/explorer?urn=SSSU%3ADF_INFORM_COMMUN_TECH_ENTRP%28~%29
A18: BI | B18: DM_I | C18: isoc_eb_iipn2 | D18: E_ITBI | E18: 2025 | F18: 2025 | G18: 14.79 | I18: 6.17 | J18: 23.24 | K18: 13.49 | L18: 11.64 | M18: 30.85 | N18: 18.33 | O18: 12.22 | P18: 21.96 | R18: 11.01 | S18: 7.58 | T18: 5.99 | U18: 27.85 | V18: 22.03 | W18: 30.71 | Y18: 17.96 | Z18: 19.22 | AA18: 34.8 | AB18: 9.96 | AC18: 8.38 | AD18: 5.93 | AE18: 20.5 | AF18: 17.22 | AG18: 5.1 | AH18: 15.22 | AI18: 6.6 | AJ18: =MAX(G18:AG18) -> 34.8 | AK18: =INDEX($G$3:$AG$3,MATCH(AJ18,G18:AG18,0)) -> NL | AL18: =MIN(G18:AG18) -> 5.1 | AM18: https://doi.org/10.2908/ISOC_EB_IIPN2 | AN18: https://stat.gov.ua/uk/explorer?urn=SSSU%3ADF_INFORM_COMMUN_TECH_ENTRP%28~%29
A19: AI_ANY | B19: DM_S | C19: isoc_eb_ain2 | D19: E_AI_TANY | E19: 2025 | F19: 2025 | G19: 22.65 | I19: 4.72 | J19: 3.61 | K19: 10.78 | L19: 15.1 | M19: 26.48 | N19: 16.43 | O19: 3.84 | P19: 14.63 | R19: 10.75 | S19: 7.27 | T19: 6.05 | U19: 22.66 | V19: 15.32 | W19: 16.22 | Y19: 11.8 | Z19: 7.95 | AA19: 22.61 | AB19: 5.01 | AC19: 6.79 | AD19: 2.05 | AE19: 21.39 | AF19: 17.54 | AG19: 10.32 | AH19: 12.47 | AI19: 5 | AJ19: =MAX(G19:AG19) -> 26.48 | AK19: =INDEX($G$3:$AG$3,MATCH(AJ19,G19:AG19,0)) -> DK | AL19: =MIN(G19:AG19) -> 2.05 | AM19: https://doi.org/10.2908/ISOC_EB_AIN2 | AN19: https://stat.gov.ua/uk/explorer?urn=SSSU%3ADF_INFORM_COMMUN_TECH_ENTRP%28~%29
A20: DII_BASIC_V3 | B20: DM_S | C20: isoc_e_diin2 | D20: E_DI3_GELO | E20: 2025 | F20: 2025 | G20: 63.77 | I20: 28.38 | J20: 71.74 | K20: 66.15 | L20: 62.56 | M20: 91.19 | N20: 71.48 | O20: 56.24 | P20: 73.07 | Q20: 96.43 | R20: 49.63 | S20: 35.65 | T20: 50.96 | U20: 78.91 | V20: 73.41 | W20: 79.85 | Y20: 64.05 | Z20: 71.07 | AA20: 91.18 | AB20: 49.72 | AD20: 34.71 | AE20: 81.21 | AF20: 49.24 | AG20: 53.3 | AH20: 60.91 | AI20: 27.8 | AJ20: =MAX(G20:AG20) -> 96.43 | AK20: =INDEX($G$3:$AG$3,MATCH(AJ20,G20:AG20,0)) -> FI | AL20: =MIN(G20:AG20) -> 28.38 | AM20: https://doi.org/10.2908/ISOC_E_DIIN2 | AN20: https://stat.gov.ua/uk/explorer?urn=SSSU%3ADF_INFORM_COMMUN_TECH_ENTRP%28~%29

Sheet Processing_index
A1: Statistics mode: DM = P / P_leader, layers, ADMI, levels, ranks
A3: Unit | B3: ERP | C3: IOT_PRODUCTION | D3: ICT_SECURITY_DOCUMENT | E3: ICT_TRAINING_ICT_SPECIALISTS | F3: ICT_TRAINING_OTHER_EMPLOYEES | G3: SUPPLY_CHAIN_DATA_EXCHANGE | H3: DATA_ANALYTICS | I3: IOT_ANY | J3: MOBILE_INTERNET | K3: PAID_CLOUD | L3: ECOMMERCE_SALES | M3: WEBSITE | N3: CRM | O3: EINVOICE_AUTOMATED | P3: BI | Q3: AI_ANY | R3: DII_BASIC_V3 | S3: C | T3: L1 | U3: L2 | V3: L3 | W3: L4 | X3: DM_I | Y3: DM_S | Z3: ADMI_base | AA3: DM_min | AB3: Weakest layer | AC3: Penalty | AD3: ADMI | AE3: Level | AF3: Rank (9 CEE + UA)
A4: EU27_2020 | B4: =IF(Processing_data!$AH$4="","",Processing_data!$AH$4/Processing_data!$AJ$4) -> 0.67841012 | C4: =IF(Processing_data!$AH$5="","",Processing_data!$AH$5/Processing_data!$AJ$5) -> 0.45660377 | D4: =IF(Processing_data!$AH$6="","",Processing_data!$AH$6/Processing_data!$AJ$6) -> 0.40516325 | E4: =IF(Processing_data!$AH$7="","",Processing_data!$AH$7/Processing_data!$AJ$7) -> 0.39269912 | F4: =IF(Processing_data!$AH$8="","",Processing_data!$AH$8/Processing_data!$AJ$8) -> 0.42372381 | G4: =IF(Processing_data!$AH$9="","",Processing_data!$AH$9/Processing_data!$AJ$9) -> 0.43847028 | H4: =IF(Processing_data!$AH$10="","",Processing_data!$AH$10/Processing_data!$AJ$10) -> 0.56668669 | I4: =IF(Processing_data!$AH$11="","",Processing_data!$AH$11/Processing_data!$AJ$11) -> 0.58989778 | J4: =IF(Processing_data!$AH$12="","",Processing_data!$AH$12/Processing_data!$AJ$12) -> 0.8607661 | K4: =IF(Processing_data!$AH$13="","",Processing_data!$AH$13/Processing_data!$AJ$13) -> 0.57391549 | L4: =IF(Processing_data!$AH$14="","",Processing_data!$AH$14/Processing_data!$AJ$14) -> 0.54919614 | M4: =IF(Processing_data!$AH$15="","",Processing_data!$AH$15/Processing_data!$AJ$15) -> 0.7369447 | N4: =IF(Processing_data!$AH$16="","",Processing_data!$AH$16/Processing_data!$AJ$16) -> 0.57568 | O4: =IF(Processing_data!$AH$17="","",Processing_data!$AH$17/Processing_data!$AJ$17) -> 0.42381536 | P4: =IF(Processing_data!$AH$18="","",Processing_data!$AH$18/Processing_data!$AJ$18) -> 0.43735632 | Q4: =IF(Processing_data!$AH$19="","",Processing_data!$AH$19/Processing_data!$AJ$19) -> 0.47092145 | R4: =IF(Processing_data!$AH$20="","",Processing_data!$AH$20/Processing_data!$AJ$20) -> 0.6316499 | S4: =AVERAGE(B4:D4) -> 0.51339238 | T4: =AVERAGE(E4:F4) -> 0.40821146 | U4: =AVERAGE(G4:I4) -> 0.53168491 | V4: =AVERAGE(J4:K4) -> 0.71734079 | W4: =AVERAGE(L4:N4) -> 0.62060695 | X4: =AVERAGE(O4:P4) -> 0.43058584 | Y4: =AVERAGE(Q4:R4) -> 0.55128568 | Z4: =AVERAGE(S4:W4) -> 0.5582473 | AA4: =MIN(S4:W4) -> 0.40821146 | AB4: =INDEX($S$3:$W$3,MATCH(AA4,S4:W4,0)) -> L1 | AC4: =1-alpha*MAX(0,delta-AA4) -> 1 | AD4: =Z4*AC4 -> 0.5582473 | AE4: =1+COUNTIF(bounds,"<"&ROUND(AD4,12)) -> 3
A5: DE | B5: =IF(Processing_data!$L$4="","",Processing_data!$L$4/Processing_data!$AJ$4) -> 0.55344776 | C5: =IF(Processing_data!$L$5="","",Processing_data!$L$5/Processing_data!$AJ$5) -> 0.49528302 | D5: =IF(Processing_data!$L$6="","",Processing_data!$L$6/Processing_data!$AJ$6) -> 0.3919514 | E5: =IF(Processing_data!$L$7="","",Processing_data!$L$7/Processing_data!$AJ$7) -> 0.3534292 | F5: =IF(Processing_data!$L$8="","",Processing_data!$L$8/Processing_data!$AJ$8) -> 0.39303629 | G5: =IF(Processing_data!$L$9="","",Processing_data!$L$9/Processing_data!$AJ$9) -> 0.50454373 | H5: =IF(Processing_data!$L$10="","",Processing_data!$L$10/Processing_data!$AJ$10) -> 0.50750976 | I5: =IF(Processing_data!$L$11="","",Processing_data!$L$11/Processing_data!$AJ$11) -> 0.76608539 | J5: =IF(Processing_data!$L$12="","",Processing_data!$L$12/Processing_data!$AJ$12) -> 0.90115854 | K5: =IF(Processing_data!$L$13="","",Processing_data!$L$13/Processing_data!$AJ$13) -> 0.54934719 | L5: =IF(Processing_data!$L$14="","",Processing_data!$L$14/Processing_data!$AJ$14) -> 0.53118971 | M5: =IF(Processing_data!$L$15="","",Processing_data!$L$15/Processing_data!$AJ$15) -> 0.90181594 | N5: =IF(Processing_data!$L$16="","",Processing_data!$L$16/Processing_data!$AJ$16) -> 0.48544 | O5: =IF(Processing_data!$L$17="","",Processing_data!$L$17/Processing_data!$AJ$17) -> 0.26480801 | P5: =IF(Processing_data!$L$18="","",Processing_data!$L$18/Processing_data!$AJ$18) -> 0.33448276 | Q5: =IF(Processing_data!$L$19="","",Processing_data!$L$19/Processing_data!$AJ$19) -> 0.57024169 | R5: =IF(Processing_data!$L$20="","",Processing_data!$L$20/Processing_data!$AJ$20) -> 0.64876076 | S5: =AVERAGE(B5:D5) -> 0.48022739 | T5: =AVERAGE(E5:F5) -> 0.37323275 | U5: =AVERAGE(G5:I5) -> 0.59271296 | V5: =AVERAGE(J5:K5) -> 0.72525286 | W5: =AVERAGE(L5:N5) -> 0.63948188 | X5: =AVERAGE(O5:P5) -> 0.29964538 | Y5: =AVERAGE(Q5:R5) -> 0.60950123 | Z5: =AVERAGE(S5:W5) -> 0.56218157 | AA5: =MIN(S5:W5) -> 0.37323275 | AB5: =INDEX($S$3:$W$3,MATCH(AA5,S5:W5,0)) -> L1 | AC5: =1-alpha*MAX(0,delta-AA5) -> 0.9992931 | AD5: =Z5*AC5 -> 0.56178416 | AE5: =1+COUNTIF(bounds,"<"&ROUND(AD5,12)) -> 3
A6: PL | B6: =IF(Processing_data!$AB$4="","",Processing_data!$AB$4/Processing_data!$AJ$4) -> 0.55977115 | C6: =IF(Processing_data!$AB$5="","",Processing_data!$AB$5/Processing_data!$AJ$5) -> 0.30188679 | D6: =IF(Processing_data!$AB$6="","",Processing_data!$AB$6/Processing_data!$AJ$6) -> 0.46742597 | E6: =IF(Processing_data!$AB$7="","",Processing_data!$AB$7/Processing_data!$AJ$7) -> 0.74557522 | F6: =IF(Processing_data!$AB$8="","",Processing_data!$AB$8/Processing_data!$AJ$8) -> 0.51136028 | G6: =IF(Processing_data!$AB$9="","",Processing_data!$AB$9/Processing_data!$AJ$9) -> 0.44736842 | H6: =IF(Processing_data!$AB$10="","",Processing_data!$AB$10/Processing_data!$AJ$10) -> 0.28116552 | I6: =IF(Processing_data!$AB$11="","",Processing_data!$AB$11/Processing_data!$AJ$11) -> 0.3174985 | J6: =IF(Processing_data!$AB$12="","",Processing_data!$AB$12/Processing_data!$AJ$12) -> 0.91389208 | K6: =IF(Processing_data!$AB$13="","",Processing_data!$AB$13/Processing_data!$AJ$13) -> 0.6328794 | L6: =IF(Processing_data!$AB$14="","",Processing_data!$AB$14/Processing_data!$AJ$14) -> 0.3085209 | M6: =IF(Processing_data!$AB$15="","",Processing_data!$AB$15/Processing_data!$AJ$15) -> 0.58633426 | N6: =IF(Processing_data!$AB$16="","",Processing_data!$AB$16/Processing_data!$AJ$16) -> 0.67648 | O6: =IF(Processing_data!$AB$17="","",Processing_data!$AB$17/Processing_data!$AJ$17) -> 0.16472631 | P6: =IF(Processing_data!$AB$18="","",Processing_data!$AB$18/Processing_data!$AJ$18) -> 0.2862069 | Q6: =IF(Processing_data!$AB$19="","",Processing_data!$AB$19/Processing_data!$AJ$19) -> 0.1891994 | R6: =IF(Processing_data!$AB$20="","",Processing_data!$AB$20/Processing_data!$AJ$20) -> 0.51560718 | S6: =AVERAGE(B6:D6) -> 0.44302797 | T6: =AVERAGE(E6:F6) -> 0.62846775 | U6: =AVERAGE(G6:I6) -> 0.34867748 | V6: =AVERAGE(J6:K6) -> 0.77338574 | W6: =AVERAGE(L6:N6) -> 0.52377839 | X6: =AVERAGE(O6:P6) -> 0.2254666 | Y6: =AVERAGE(Q6:R6) -> 0.35240329 | Z6: =AVERAGE(S6:W6) -> 0.54346747 | AA6: =MIN(S6:W6) -> 0.34867748 | AB6: =INDEX($S$3:$W$3,MATCH(AA6,S6:W6,0)) -> L2 | AC6: =1-alpha*MAX(0,delta-AA6) -> 0.98947099 | AD6: =Z6*AC6 -> 0.53774529 | AE6: =1+COUNTIF(bounds,"<"&ROUND(AD6,12)) -> 3 | AF6: =1+COUNTIF($AD$6:$AD$15,">"&AD6) -> 5
A7: HU | B7: =IF(Processing_data!$T$4="","",Processing_data!$T$4/Processing_data!$AJ$4) -> 0.42261367 | C7: =IF(Processing_data!$T$5="","",Processing_data!$T$5/Processing_data!$AJ$5) -> 0.31933962 | D7: =IF(Processing_data!$T$6="","",Processing_data!$T$6/Processing_data!$AJ$6) -> 0.13591496 | E7: =IF(Processing_data!$T$7="","",Processing_data!$T$7/Processing_data!$AJ$7) -> 0.31969027 | F7: =IF(Processing_data!$T$8="","",Processing_data!$T$8/Processing_data!$AJ$8) -> 0.27205665 | G7: =IF(Processing_data!$T$9="","",Processing_data!$T$9/Processing_data!$AJ$9) | H7: =IF(Processing_data!$T$10="","",Processing_data!$T$10/Processing_data!$AJ$10) -> 0.64328627 | I7: =IF(Processing_data!$T$11="","",Processing_data!$T$11/Processing_data!$AJ$11) -> 0.42313089 | J7: =IF(Processing_data!$T$12="","",Processing_data!$T$12/Processing_data!$AJ$12) -> 0.73562259 | K7: =IF(Processing_data!$T$13="","",Processing_data!$T$13/Processing_data!$AJ$13) -> 0.47634424 | L7: =IF(Processing_data!$T$14="","",Processing_data!$T$14/Processing_data!$AJ$14) -> 0.42990354 | M7: =IF(Processing_data!$T$15="","",Processing_data!$T$15/Processing_data!$AJ$15) -> 0.60408331 | N7: =IF(Processing_data!$T$16="","",Processing_data!$T$16/Processing_data!$AJ$16) -> 0.40256 | O7: =IF(Processing_data!$T$17="","",Processing_data!$T$17/Processing_data!$AJ$17) -> 0.32373366 | P7: =IF(Processing_data!$T$18="","",Processing_data!$T$18/Processing_data!$AJ$18) -> 0.17212644 | Q7: =IF(Processing_data!$T$19="","",Processing_data!$T$19/Processing_data!$AJ$19) -> 0.22847432 | R7: =IF(Processing_data!$T$20="","",Processing_data!$T$20/Processing_data!$AJ$20) -> 0.52846624 | S7: =AVERAGE(B7:D7) -> 0.29262275 | T7: =AVERAGE(E7:F7) -> 0.29587346 | U7: =AVERAGE(G7:I7) -> 0.53320858 | V7: =AVERAGE(J7:K7) -> 0.60598341 | W7: =AVERAGE(L7:N7) -> 0.47884895 | X7: =AVERAGE(O7:P7) -> 0.24793005 | Y7: =AVERAGE(Q7:R7) -> 0.37847028 | Z7: =AVERAGE(S7:W7) -> 0.44130743 | AA7: =MIN(S7:W7) -> 0.29262275 | AB7: =INDEX($S$3:$W$3,MATCH(AA7,S7:W7,0)) -> C | AC7: =1-alpha*MAX(0,delta-AA7) -> 0.9670491 | AD7: =Z7*AC7 -> 0.42676595 | AE7: =1+COUNTIF(bounds,"<"&ROUND(AD7,12)) -> 3 | AF7: =1+COUNTIF($AD$6:$AD$15,">"&AD7) -> 7
A8: RO | B8: =IF(Processing_data!$AD$4="","",Processing_data!$AD$4/Processing_data!$AJ$4) -> 0.31647094 | C8: =IF(Processing_data!$AD$5="","",Processing_data!$AD$5/Processing_data!$AJ$5) -> 0.14339623 | D8: =IF(Processing_data!$AD$6="","",Processing_data!$AD$6/Processing_data!$AJ$6) -> 0.86165528 | E8: =IF(Processing_data!$AD$7="","",Processing_data!$AD$7/Processing_data!$AJ$7) -> 0.31803097 | F8: =IF(Processing_data!$AD$8="","",Processing_data!$AD$8/Processing_data!$AJ$8) -> 0.16494541 | G8: =IF(Processing_data!$AD$9="","",Processing_data!$AD$9/Processing_data!$AJ$9) -> 0.18515714 | H8: =IF(Processing_data!$AD$10="","",Processing_data!$AD$10/Processing_data!$AJ$10) -> 0.47506759 | I8: =IF(Processing_data!$AD$11="","",Processing_data!$AD$11/Processing_data!$AJ$11) -> 0.20264582 | J8: =IF(Processing_data!$AD$12="","",Processing_data!$AD$12/Processing_data!$AJ$12) -> 0.85179 | K8: =IF(Processing_data!$AD$13="","",Processing_data!$AD$13/Processing_data!$AJ$13) -> 0.262951 | L8: =IF(Processing_data!$AD$14="","",Processing_data!$AD$14/Processing_data!$AJ$14) -> 0.33842444 | M8: =IF(Processing_data!$AD$15="","",Processing_data!$AD$15/Processing_data!$AJ$15) -> 0.51492767 | N8: =IF(Processing_data!$AD$16="","",Processing_data!$AD$16/Processing_data!$AJ$16) -> 0.28096 | O8: =IF(Processing_data!$AD$17="","",Processing_data!$AD$17/Processing_data!$AJ$17) -> 0.4400531 | P8: =IF(Processing_data!$AD$18="","",Processing_data!$AD$18/Processing_data!$AJ$18) -> 0.1704023 | Q8: =IF(Processing_data!$AD$19="","",Processing_data!$AD$19/Processing_data!$AJ$19) -> 0.077416918 | R8: =IF(Processing_data!$AD$20="","",Processing_data!$AD$20/Processing_data!$AJ$20) -> 0.35995022 | S8: =AVERAGE(B8:D8) -> 0.44050748 | T8: =AVERAGE(E8:F8) -> 0.24148819 | U8: =AVERAGE(G8:I8) -> 0.28762352 | V8: =AVERAGE(J8:K8) -> 0.5573705 | W8: =AVERAGE(L8:N8) -> 0.37810404 | X8: =AVERAGE(O8:P8) -> 0.3052277 | Y8: =AVERAGE(Q8:R8) -> 0.21868357 | Z8: =AVERAGE(S8:W8) -> 0.38101875 | AA8: =MIN(S8:W8) -> 0.24148819 | AB8: =INDEX($S$3:$W$3,MATCH(AA8,S8:W8,0)) -> L1 | AC8: =1-alpha*MAX(0,delta-AA8) -> 0.94659528 | AD8: =Z8*AC8 -> 0.36067055 | AE8: =1+COUNTIF(bounds,"<"&ROUND(AD8,12)) -> 2 | AF8: =1+COUNTIF($AD$6:$AD$15,">"&AD8) -> 8
A9: CZ | B9: =IF(Processing_data!$K$4="","",Processing_data!$K$4/Processing_data!$AJ$4) -> 0.72508281 | C9: =IF(Processing_data!$K$5="","",Processing_data!$K$5/Processing_data!$AJ$5) -> 0.70896226 | D9: =IF(Processing_data!$K$6="","",Processing_data!$K$6/Processing_data!$AJ$6) -> 0.25512528 | E9: =IF(Processing_data!$K$7="","",Processing_data!$K$7/Processing_data!$AJ$7) -> 0.41482301 | F9: =IF(Processing_data!$K$8="","",Processing_data!$K$8/Processing_data!$AJ$8) -> 0.46975509 | G9: =IF(Processing_data!$K$9="","",Processing_data!$K$9/Processing_data!$AJ$9) -> 0.7027641 | H9: =IF(Processing_data!$K$10="","",Processing_data!$K$10/Processing_data!$AJ$10) -> 0.6234605 | I9: =IF(Processing_data!$K$11="","",Processing_data!$K$11/Processing_data!$AJ$11) -> 0.68731209 | J9: =IF(Processing_data!$K$12="","",Processing_data!$K$12/Processing_data!$AJ$12) -> 0.85304248 | K9: =IF(Processing_data!$K$13="","",Processing_data!$K$13/Processing_data!$AJ$13) -> 0.59778183 | L9: =IF(Processing_data!$K$14="","",Processing_data!$K$14/Processing_data!$AJ$14) -> 0.65884244 | M9: =IF(Processing_data!$K$15="","",Processing_data!$K$15/Processing_data!$AJ$15) -> 0.81163435 | N9: =IF(Processing_data!$K$16="","",Processing_data!$K$16/Processing_data!$AJ$16) -> 0.96576 | O9: =IF(Processing_data!$K$17="","",Processing_data!$K$17/Processing_data!$AJ$17) -> 0.35927288 | P9: =IF(Processing_data!$K$18="","",Processing_data!$K$18/Processing_data!$AJ$18) -> 0.38764368 | Q9: =IF(Processing_data!$K$19="","",Processing_data!$K$19/Processing_data!$AJ$19) -> 0.4070997 | R9: =IF(Processing_data!$K$20="","",Processing_data!$K$20/Processing_data!$AJ$20) -> 0.68598984 | S9: =AVERAGE(B9:D9) -> 0.56305679 | T9: =AVERAGE(E9:F9) -> 0.44228905 | U9: =AVERAGE(G9:I9) -> 0.6711789 | V9: =AVERAGE(J9:K9) -> 0.72541216 | W9: =AVERAGE(L9:N9) -> 0.81207893 | X9: =AVERAGE(O9:P9) -> 0.37345828 | Y9: =AVERAGE(Q9:R9) -> 0.54654477 | Z9: =AVERAGE(S9:W9) -> 0.64280316 | AA9: =MIN(S9:W9) -> 0.44228905 | AB9: =INDEX($S$3:$W$3,MATCH(AA9,S9:W9,0)) -> L1 | AC9: =1-alpha*MAX(0,delta-AA9) -> 1 | AD9: =Z9*AC9 -> 0.64280316 | AE9: =1+COUNTIF(bounds,"<"&ROUND(AD9,12)) -> 4 | AF9: =1+COUNTIF($AD$6:$AD$15,">"&AD9) -> 2
A10: SK | B10: =IF(Processing_data!$AG$4="","",Processing_data!$AG$4/Processing_data!$AJ$4) -> 0.31737428 | C10: =IF(Processing_data!$AG$5="","",Processing_data!$AG$5/Processing_data!$AJ$5) -> 0.53066038 | D10: =IF(Processing_data!$AG$6="","",Processing_data!$AG$6/Processing_data!$AJ$6) -> 0.20410023 | E10: =IF(Processing_data!$AG$7="","",Processing_data!$AG$7/Processing_data!$AJ$7) -> 0.2300885 | F10: =IF(Processing_data!$AG$8="","",Processing_data!$AG$8/Processing_data!$AJ$8) -> 0.23989377 | G10: =IF(Processing_data!$AG$9="","",Processing_data!$AG$9/Processing_data!$AJ$9) -> 0.64634608 | H10: =IF(Processing_data!$AG$10="","",Processing_data!$AG$10/Processing_data!$AJ$10) -> 0.44142385 | I10: =IF(Processing_data!$AG$11="","",Processing_data!$AG$11/Processing_data!$AJ$11) -> 0.71236721 | J10: =IF(Processing_data!$AG$12="","",Processing_data!$AG$12/Processing_data!$AJ$12) -> 0.6130884 | K10: =IF(Processing_data!$AG$13="","",Processing_data!$AG$13/Processing_data!$AJ$13) -> 0.49262951 | L10: =IF(Processing_data!$AG$14="","",Processing_data!$AG$14/Processing_data!$AJ$14) -> 0.68681672 | M10: =IF(Processing_data!$AG$15="","",Processing_data!$AG$15/Processing_data!$AJ$15) -> 0.74299785 | N10: =IF(Processing_data!$AG$16="","",Processing_data!$AG$16/Processing_data!$AJ$16) -> 0.43872 | O10: =IF(Processing_data!$AG$17="","",Processing_data!$AG$17/Processing_data!$AJ$17) -> 0.38735703 | P10: =IF(Processing_data!$AG$18="","",Processing_data!$AG$18/Processing_data!$AJ$18) -> 0.14655172 | Q10: =IF(Processing_data!$AG$19="","",Processing_data!$AG$19/Processing_data!$AJ$19) -> 0.3897281 | R10: =IF(Processing_data!$AG$20="","",Processing_data!$AG$20/Processing_data!$AJ$20) -> 0.55273255 | S10: =AVERAGE(B10:D10) -> 0.35071163 | T10: =AVERAGE(E10:F10) -> 0.23499113 | U10: =AVERAGE(G10:I10) -> 0.60004571 | V10: =AVERAGE(J10:K10) -> 0.55285896 | W10: =AVERAGE(L10:N10) -> 0.62284486 | X10: =AVERAGE(O10:P10) -> 0.26695438 | Y10: =AVERAGE(Q10:R10) -> 0.47123032 | Z10: =AVERAGE(S10:W10) -> 0.47229046 | AA10: =MIN(S10:W10) -> 0.23499113 | AB10: =INDEX($S$3:$W$3,MATCH(AA10,S10:W10,0)) -> L1 | AC10: =1-alpha*MAX(0,delta-AA10) -> 0.94399645 | AD10: =Z10*AC10 -> 0.44584052 | AE10: =1+COUNTIF(bounds,"<"&ROUND(AD10,12)) -> 3 | AF10: =1+COUNTIF($AD$6:$AD$15,">"&AD10) -> 6
A11: LT | B11: =IF(Processing_data!$W$4="","",Processing_data!$W$4/Processing_data!$AJ$4) -> 0.89144836 | C11: =IF(Processing_data!$W$5="","",Processing_data!$W$5/Processing_data!$AJ$5) -> 0.65471698 | D11: =IF(Processing_data!$W$6="","",Processing_data!$W$6/Processing_data!$AJ$6) -> 0.53773728 | E11: =IF(Processing_data!$W$7="","",Processing_data!$W$7/Processing_data!$AJ$7) -> 0.42754425 | F11: =IF(Processing_data!$W$8="","",Processing_data!$W$8/Processing_data!$AJ$8) -> 0.35320153 | G11: =IF(Processing_data!$W$9="","",Processing_data!$W$9/Processing_data!$AJ$9) -> 0.51325256 | H11: =IF(Processing_data!$W$10="","",Processing_data!$W$10/Processing_data!$AJ$10) -> 1 | I11: =IF(Processing_data!$W$11="","",Processing_data!$W$11/Processing_data!$AJ$11) -> 0.75766687 | J11: =IF(Processing_data!$W$12="","",Processing_data!$W$12/Processing_data!$AJ$12) -> 0.98131719 | K11: =IF(Processing_data!$W$13="","",Processing_data!$W$13/Processing_data!$AJ$13) -> 0.81749263 | L11: =IF(Processing_data!$W$14="","",Processing_data!$W$14/Processing_data!$AJ$14) -> 0.97170418 | M11: =IF(Processing_data!$W$15="","",Processing_data!$W$15/Processing_data!$AJ$15) -> 0.83687288 | N11: =IF(Processing_data!$W$16="","",Processing_data!$W$16/Processing_data!$AJ$16) -> 0.83328 | O11: =IF(Processing_data!$W$17="","",Processing_data!$W$17/Processing_data!$AJ$17) -> 0.44924428 | P11: =IF(Processing_data!$W$18="","",Processing_data!$W$18/Processing_data!$AJ$18) -> 0.88247126 | Q11: =IF(Processing_data!$W$19="","",Processing_data!$W$19/Processing_data!$AJ$19) -> 0.61253776 | R11: =IF(Processing_data!$W$20="","",Processing_data!$W$20/Processing_data!$AJ$20) -> 0.82806181 | S11: =AVERAGE(B11:D11) -> 0.69463421 | T11: =AVERAGE(E11:F11) -> 0.39037289 | U11: =AVERAGE(G11:I11) -> 0.75697314 | V11: =AVERAGE(J11:K11) -> 0.89940491 | W11: =AVERAGE(L11:N11) -> 0.88061902 | X11: =AVERAGE(O11:P11) -> 0.66585777 | Y11: =AVERAGE(Q11:R11) -> 0.72029979 | Z11: =AVERAGE(S11:W11) -> 0.72440083 | AA11: =MIN(S11:W11) -> 0.39037289 | AB11: =INDEX($S$3:$W$3,MATCH(AA11,S11:W11,0)) -> L1 | AC11: =1-alpha*MAX(0,delta-AA11) -> 1 | AD11: =Z11*AC11 -> 0.72440083 | AE11: =1+COUNTIF(bounds,"<"&ROUND(AD11,12)) -> 4 | AF11: =1+COUNTIF($AD$6:$AD$15,">"&AD11) -> 1
A12: LV | B12: =IF(Processing_data!$Y$4="","",Processing_data!$Y$4/Processing_data!$AJ$4) -> 0.68202349 | C12: =IF(Processing_data!$Y$5="","",Processing_data!$Y$5/Processing_data!$AJ$5) -> 0.68066038 | D12: =IF(Processing_data!$Y$6="","",Processing_data!$Y$6/Processing_data!$AJ$6) -> 0.7697798 | E12: =IF(Processing_data!$Y$7="","",Processing_data!$Y$7/Processing_data!$AJ$7) -> 0.34070796 | F12: =IF(Processing_data!$Y$8="","",Processing_data!$Y$8/Processing_data!$AJ$8) -> 0.19563293 | G12: =IF(Processing_data!$Y$9="","",Processing_data!$Y$9/Processing_data!$AJ$9) -> 0.38508141 | H12: =IF(Processing_data!$Y$10="","",Processing_data!$Y$10/Processing_data!$AJ$10) -> 0.69600481 | I12: =IF(Processing_data!$Y$11="","",Processing_data!$Y$11/Processing_data!$AJ$11) -> 0.60232512 | J12: =IF(Processing_data!$Y$12="","",Processing_data!$Y$12/Processing_data!$AJ$12) -> 0.93894166 | K12: =IF(Processing_data!$Y$13="","",Processing_data!$Y$13/Processing_data!$AJ$13) -> 0.46848238 | L12: =IF(Processing_data!$Y$14="","",Processing_data!$Y$14/Processing_data!$AJ$14) -> 0.67315113 | M12: =IF(Processing_data!$Y$15="","",Processing_data!$Y$15/Processing_data!$AJ$15) -> 0.69549605 | N12: =IF(Processing_data!$Y$16="","",Processing_data!$Y$16/Processing_data!$AJ$16) -> 0.42048 | O12: =IF(Processing_data!$Y$17="","",Processing_data!$Y$17/Processing_data!$AJ$17) -> 0.39011438 | P12: =IF(Processing_data!$Y$18="","",Processing_data!$Y$18/Processing_data!$AJ$18) -> 0.51609195 | Q12: =IF(Processing_data!$Y$19="","",Processing_data!$Y$19/Processing_data!$AJ$19) -> 0.44561934 | R12: =IF(Processing_data!$Y$20="","",Processing_data!$Y$20/Processing_data!$AJ$20) -> 0.66421238 | S12: =AVERAGE(B12:D12) -> 0.71082122 | T12: =AVERAGE(E12:F12) -> 0.26817045 | U12: =AVERAGE(G12:I12) -> 0.56113711 | V12: =AVERAGE(J12:K12) -> 0.70371202 | W12: =AVERAGE(L12:N12) -> 0.59637573 | X12: =AVERAGE(O12:P12) -> 0.45310317 | Y12: =AVERAGE(Q12:R12) -> 0.55491586 | Z12: =AVERAGE(S12:W12) -> 0.5680433 | AA12: =MIN(S12:W12) -> 0.26817045 | AB12: =INDEX($S$3:$W$3,MATCH(AA12,S12:W12,0)) -> L1 | AC12: =1-alpha*MAX(0,delta-AA12) -> 0.95726818 | AD12: =Z12*AC12 -> 0.54376978 | AE12: =1+COUNTIF(bounds,"<"&ROUND(AD12,12)) -> 3 | AF12: =1+COUNTIF($AD$6:$AD$15,">"&AD12) -> 4
A13: EE | B13: =IF(Processing_data!$N$4="","",Processing_data!$N$4/Processing_data!$AJ$4) -> 0.56052394 | C13: =IF(Processing_data!$N$5="","",Processing_data!$N$5/Processing_data!$AJ$5) -> 0.56509434 | D13: =IF(Processing_data!$N$6="","",Processing_data!$N$6/Processing_data!$AJ$6) -> 0.6095672 | E13: =IF(Processing_data!$N$7="","",Processing_data!$N$7/Processing_data!$AJ$7) -> 0.2505531 | F13: =IF(Processing_data!$N$8="","",Processing_data!$N$8/Processing_data!$AJ$8) -> 0.48952493 | G13: =IF(Processing_data!$N$9="","",Processing_data!$N$9/Processing_data!$AJ$9) -> 0.61397198 | H13: =IF(Processing_data!$N$10="","",Processing_data!$N$10/Processing_data!$AJ$10) -> 0.75503154 | I13: =IF(Processing_data!$N$11="","",Processing_data!$N$11/Processing_data!$AJ$11) -> 0.50851874 | J13: =IF(Processing_data!$N$12="","",Processing_data!$N$12/Processing_data!$AJ$12) -> 0.89333055 | K13: =IF(Processing_data!$N$13="","",Processing_data!$N$13/Processing_data!$AJ$13) -> 0.92320651 | L13: =IF(Processing_data!$N$14="","",Processing_data!$N$14/Processing_data!$AJ$14) -> 0.75498392 | M13: =IF(Processing_data!$N$15="","",Processing_data!$N$15/Processing_data!$AJ$15) -> 0.71273212 | N13: =IF(Processing_data!$N$16="","",Processing_data!$N$16/Processing_data!$AJ$16) -> 0.36512 | O13: =IF(Processing_data!$N$17="","",Processing_data!$N$17/Processing_data!$AJ$17) -> 0.80044935 | P13: =IF(Processing_data!$N$18="","",Processing_data!$N$18/Processing_data!$AJ$18) -> 0.52672414 | Q13: =IF(Processing_data!$N$19="","",Processing_data!$N$19/Processing_data!$AJ$19) -> 0.62046828 | R13: =IF(Processing_data!$N$20="","",Processing_data!$N$20/Processing_data!$AJ$20) -> 0.74126309 | S13: =AVERAGE(B13:D13) -> 0.57839516 | T13: =AVERAGE(E13:F13) -> 0.37003902 | U13: =AVERAGE(G13:I13) -> 0.62584075 | V13: =AVERAGE(J13:K13) -> 0.90826853 | W13: =AVERAGE(L13:N13) -> 0.61094535 | X13: =AVERAGE(O13:P13) -> 0.66358674 | Y13: =AVERAGE(Q13:R13) -> 0.68086569 | Z13: =AVERAGE(S13:W13) -> 0.61869776 | AA13: =MIN(S13:W13) -> 0.37003902 | AB13: =INDEX($S$3:$W$3,MATCH(AA13,S13:W13,0)) -> L1 | AC13: =1-alpha*MAX(0,delta-AA13) -> 0.99801561 | AD13: =Z13*AC13 -> 0.61747002 | AE13: =1+COUNTIF(bounds,"<"&ROUND(AD13,12)) -> 4 | AF13: =1+COUNTIF($AD$6:$AD$15,">"&AD13) -> 3
A14: BG | B14: =IF(Processing_data!$I$4="","",Processing_data!$I$4/Processing_data!$AJ$4) -> 0.31300813 | C14: =IF(Processing_data!$I$5="","",Processing_data!$I$5/Processing_data!$AJ$5) -> 0.25283019 | D14: =IF(Processing_data!$I$6="","",Processing_data!$I$6/Processing_data!$AJ$6) -> 0.089141989 | E14: =IF(Processing_data!$I$7="","",Processing_data!$I$7/Processing_data!$AJ$7) -> 0.11670354 | F14: =IF(Processing_data!$I$8="","",Processing_data!$I$8/Processing_data!$AJ$8) -> 0.097668929 | G14: =IF(Processing_data!$I$9="","",Processing_data!$I$9/Processing_data!$AJ$9) -> 0.19140477 | H14: =IF(Processing_data!$I$10="","",Processing_data!$I$10/Processing_data!$AJ$10) -> 0.34334635 | I14: =IF(Processing_data!$I$11="","",Processing_data!$I$11/Processing_data!$AJ$11) -> 0.3062738 | J14: =IF(Processing_data!$I$12="","",Processing_data!$I$12/Processing_data!$AJ$12) -> 0.75587099 | K14: =IF(Processing_data!$I$13="","",Processing_data!$I$13/Processing_data!$AJ$13) -> 0.1589218 | L14: =IF(Processing_data!$I$14="","",Processing_data!$I$14/Processing_data!$AJ$14) -> 0.23729904 | M14: =IF(Processing_data!$I$15="","",Processing_data!$I$15/Processing_data!$AJ$15) -> 0.46793885 | N14: =IF(Processing_data!$I$16="","",Processing_data!$I$16/Processing_data!$AJ$16) -> 0.21344 | O14: =IF(Processing_data!$I$17="","",Processing_data!$I$17/Processing_data!$AJ$17) -> 0.2035335 | P14: =IF(Processing_data!$I$18="","",Processing_data!$I$18/Processing_data!$AJ$18) -> 0.17729885 | Q14: =IF(Processing_data!$I$19="","",Processing_data!$I$19/Processing_data!$AJ$19) -> 0.17824773 | R14: =IF(Processing_data!$I$20="","",Processing_data!$I$20/Processing_data!$AJ$20) -> 0.29430675 | S14: =AVERAGE(B14:D14) -> 0.21832677 | T14: =AVERAGE(E14:F14) -> 0.10718623 | U14: =AVERAGE(G14:I14) -> 0.28034164 | V14: =AVERAGE(J14:K14) -> 0.4573964 | W14: =AVERAGE(L14:N14) -> 0.30622596 | X14: =AVERAGE(O14:P14) -> 0.19041617 | Y14: =AVERAGE(Q14:R14) -> 0.23627724 | Z14: =AVERAGE(S14:W14) -> 0.2738954 | AA14: =MIN(S14:W14) -> 0.10718623 | AB14: =INDEX($S$3:$W$3,MATCH(AA14,S14:W14,0)) -> L1 | AC14: =1-alpha*MAX(0,delta-AA14) -> 0.89287449 | AD14: =Z14*AC14 -> 0.24455422 | AE14: =1+COUNTIF(bounds,"<"&ROUND(AD14,12)) -> 2 | AF14: =1+COUNTIF($AD$6:$AD$15,">"&AD14) -> 10
A15: UA | B15: =IF(Processing_data!$AI$4="","",Processing_data!$AI$4/Processing_data!$AJ$4) -> 0.3071364 | C15: =IF(Processing_data!$AI$5="","",Processing_data!$AI$5/Processing_data!$AJ$5) -> 0.10377358 | D15: =IF(Processing_data!$AI$6="","",Processing_data!$AI$6/Processing_data!$AJ$6) -> 0.11085801 | E15: =IF(Processing_data!$AI$7="","",Processing_data!$AI$7/Processing_data!$AJ$7) -> 0.27654867 | F15: =IF(Processing_data!$AI$8="","",Processing_data!$AI$8/Processing_data!$AJ$8) -> 0.19179699 | G15: =IF(Processing_data!$AI$9="","",Processing_data!$AI$9/Processing_data!$AJ$9) -> 0.59825824 | H15: =IF(Processing_data!$AI$10="","",Processing_data!$AI$10/Processing_data!$AJ$10) -> 0.31991589 | I15: =IF(Processing_data!$AI$11="","",Processing_data!$AI$11/Processing_data!$AJ$11) -> 0.18841451 | J15: =IF(Processing_data!$AI$12="","",Processing_data!$AI$12/Processing_data!$AJ$12) -> 0.47907317 | K15: =IF(Processing_data!$AI$13="","",Processing_data!$AI$13/Processing_data!$AJ$13) -> 0.23725958 | L15: =IF(Processing_data!$AI$14="","",Processing_data!$AI$14/Processing_data!$AJ$14) -> 0.27009646 | M15: =IF(Processing_data!$AI$15="","",Processing_data!$AI$15/Processing_data!$AJ$15) -> 0.44116138 | N15: =IF(Processing_data!$AI$16="","",Processing_data!$AI$16/Processing_data!$AJ$16) -> 0.2208 | O15: =IF(Processing_data!$AI$17="","",Processing_data!$AI$17/Processing_data!$AJ$17) -> 0.38602941 | P15: =IF(Processing_data!$AI$18="","",Processing_data!$AI$18/Processing_data!$AJ$18) -> 0.18965517 | Q15: =IF(Processing_data!$AI$19="","",Processing_data!$AI$19/Processing_data!$AJ$19) -> 0.18882175 | R15: =IF(Processing_data!$AI$20="","",Processing_data!$AI$20/Processing_data!$AJ$20) -> 0.28829203 | S15: =AVERAGE(B15:D15) -> 0.17392267 | T15: =AVERAGE(E15:F15) -> 0.23417283 | U15: =AVERAGE(G15:I15) -> 0.36886288 | V15: =AVERAGE(J15:K15) -> 0.35816637 | W15: =AVERAGE(L15:N15) -> 0.31068595 | X15: =AVERAGE(O15:P15) -> 0.28784229 | Y15: =AVERAGE(Q15:R15) -> 0.23855689 | Z15: =AVERAGE(S15:W15) -> 0.28916214 | AA15: =MIN(S15:W15) -> 0.17392267 | AB15: =INDEX($S$3:$W$3,MATCH(AA15,S15:W15,0)) -> C | AC15: =1-alpha*MAX(0,delta-AA15) -> 0.91956907 | AD15: =Z15*AC15 -> 0.26590456 | AE15: =1+COUNTIF(bounds,"<"&ROUND(AD15,12)) -> 2 | AF15: =1+COUNTIF($AD$6:$AD$15,">"&AD15) -> 9

Sheet TOPSIS
A1: TOPSIS on the five layers (Hwang and Yoon, 1981): entropy weights and equal weights
A3: Unit | B3: C | C3: L1 | D3: L2 | E3: L3 | F3: L4 | G3: ADMI
A4: PL | B4: =Processing_index!$S$6 -> 0.44302797 | C4: =Processing_index!$T$6 -> 0.62846775 | D4: =Processing_index!$U$6 -> 0.34867748 | E4: =Processing_index!$V$6 -> 0.77338574 | F4: =Processing_index!$W$6 -> 0.52377839 | G4: =Processing_index!$AD$6 -> 0.53774529
A5: HU | B5: =Processing_index!$S$7 -> 0.29262275 | C5: =Processing_index!$T$7 -> 0.29587346 | D5: =Processing_index!$U$7 -> 0.53320858 | E5: =Processing_index!$V$7 -> 0.60598341 | F5: =Processing_index!$W$7 -> 0.47884895 | G5: =Processing_index!$AD$7 -> 0.42676595
A6: RO | B6: =Processing_index!$S$8 -> 0.44050748 | C6: =Processing_index!$T$8 -> 0.24148819 | D6: =Processing_index!$U$8 -> 0.28762352 | E6: =Processing_index!$V$8 -> 0.5573705 | F6: =Processing_index!$W$8 -> 0.37810404 | G6: =Processing_index!$AD$8 -> 0.36067055
A7: CZ | B7: =Processing_index!$S$9 -> 0.56305679 | C7: =Processing_index!$T$9 -> 0.44228905 | D7: =Processing_index!$U$9 -> 0.6711789 | E7: =Processing_index!$V$9 -> 0.72541216 | F7: =Processing_index!$W$9 -> 0.81207893 | G7: =Processing_index!$AD$9 -> 0.64280316
A8: SK | B8: =Processing_index!$S$10 -> 0.35071163 | C8: =Processing_index!$T$10 -> 0.23499113 | D8: =Processing_index!$U$10 -> 0.60004571 | E8: =Processing_index!$V$10 -> 0.55285896 | F8: =Processing_index!$W$10 -> 0.62284486 | G8: =Processing_index!$AD$10 -> 0.44584052
A9: LT | B9: =Processing_index!$S$11 -> 0.69463421 | C9: =Processing_index!$T$11 -> 0.39037289 | D9: =Processing_index!$U$11 -> 0.75697314 | E9: =Processing_index!$V$11 -> 0.89940491 | F9: =Processing_index!$W$11 -> 0.88061902 | G9: =Processing_index!$AD$11 -> 0.72440083
A10: LV | B10: =Processing_index!$S$12 -> 0.71082122 | C10: =Processing_index!$T$12 -> 0.26817045 | D10: =Processing_index!$U$12 -> 0.56113711 | E10: =Processing_index!$V$12 -> 0.70371202 | F10: =Processing_index!$W$12 -> 0.59637573 | G10: =Processing_index!$AD$12 -> 0.54376978
A11: EE | B11: =Processing_index!$S$13 -> 0.57839516 | C11: =Processing_index!$T$13 -> 0.37003902 | D11: =Processing_index!$U$13 -> 0.62584075 | E11: =Processing_index!$V$13 -> 0.90826853 | F11: =Processing_index!$W$13 -> 0.61094535 | G11: =Processing_index!$AD$13 -> 0.61747002
A12: BG | B12: =Processing_index!$S$14 -> 0.21832677 | C12: =Processing_index!$T$14 -> 0.10718623 | D12: =Processing_index!$U$14 -> 0.28034164 | E12: =Processing_index!$V$14 -> 0.4573964 | F12: =Processing_index!$W$14 -> 0.30622596 | G12: =Processing_index!$AD$14 -> 0.24455422
A13: UA | B13: =Processing_index!$S$15 -> 0.17392267 | C13: =Processing_index!$T$15 -> 0.23417283 | D13: =Processing_index!$U$15 -> 0.36886288 | E13: =Processing_index!$V$15 -> 0.35816637 | F13: =Processing_index!$W$15 -> 0.31068595 | G13: =Processing_index!$AD$15 -> 0.26590456
A15: Vector norm | B15: =SQRT(SUMPRODUCT(B4:B13,B4:B13)) -> 1.5219134 | C15: =SQRT(SUMPRODUCT(C4:C13,C4:C13)) -> 1.1041879 | D15: =SQRT(SUMPRODUCT(D4:D13,D4:D13)) -> 1.6713353 | E15: =SQRT(SUMPRODUCT(E4:E13,E4:E13)) -> 2.1388 | F15: =SQRT(SUMPRODUCT(F4:F13,F4:F13)) -> 1.8408473
A16: Entropy | B16: =-SUMPRODUCT(B4:B13/SUM(B4:B13)*LN(B4:B13/SUM(B4:B13)))/LN(10) -> 0.96315915 | C16: =-SUMPRODUCT(C4:C13/SUM(C4:C13)*LN(C4:C13/SUM(C4:C13)))/LN(10) -> 0.96159334 | D16: =-SUMPRODUCT(D4:D13/SUM(D4:D13)*LN(D4:D13/SUM(D4:D13)))/LN(10) -> 0.97693326 | E16: =-SUMPRODUCT(E4:E13/SUM(E4:E13)*LN(E4:E13/SUM(E4:E13)))/LN(10) -> 0.98460364 | F16: =-SUMPRODUCT(F4:F13/SUM(F4:F13)*LN(F4:F13/SUM(F4:F13)))/LN(10) -> 0.97561376
A17: 1 - entropy | B17: =1-B16 -> 0.036840849 | C17: =1-C16 -> 0.03840666 | D17: =1-D16 -> 0.02306674 | E17: =1-E16 -> 0.015396364 | F17: =1-F16 -> 0.024386238
A18: Entropy weight | B18: =B17/SUM($B$17:$F$17) -> 0.26677545 | C18: =C17/SUM($B$17:$F$17) -> 0.27811394 | D18: =D17/SUM($B$17:$F$17) -> 0.16703306 | E18: =E17/SUM($B$17:$F$17) -> 0.11148961 | F18: =F17/SUM($B$17:$F$17) -> 0.17658794
A19: Equal weight | B19: =1/5 -> 0.2 | C19: =1/5 -> 0.2 | D19: =1/5 -> 0.2 | E19: =1/5 -> 0.2 | F19: =1/5 -> 0.2
A21: Weighted normalised matrix, entropy weights
A22: Unit | B22: C | C22: L1 | D22: L2 | E22: L3 | F22: L4 | G22: Distance to ideal | H22: Distance to anti-ideal | I22: Closeness | J22: Rank
A23: PL | B23: =B$18*B4/B$15 -> 0.077658154 | C23: =C$18*C4/C$15 -> 0.15829339 | D23: =D$18*D4/D$15 -> 0.034846788 | E23: =E$18*E4/E$15 -> 0.040314418 | F23: =F$18*F4/F$15 -> 0.050244766 | G23: =SQRT(SUMPRODUCT((B23:F23-$B$33:$F$33)^2)) -> 0.071342317 | H23: =SQRT(SUMPRODUCT((B23:F23-$B$34:$F$34)^2)) -> 0.14287919 | I23: =H23/(G23+H23) -> 0.66696941 | J23: =1+COUNTIF($I$23:$I$32,">"&I23) -> 3
A24: HU | B24: =B$18*B5/B$15 -> 0.051293697 | C24: =C$18*C5/C$15 -> 0.074522222 | D24: =D$18*D5/D$15 -> 0.053288806 | E24: =E$18*E5/E$15 -> 0.031588206 | F24: =F$18*F5/F$15 -> 0.045934797 | G24: =SQRT(SUMPRODUCT((B24:F24-$B$33:$F$33)^2)) -> 0.12093444 | H24: =SQRT(SUMPRODUCT((B24:F24-$B$34:$F$34)^2)) -> 0.061410805 | I24: =H24/(G24+H24) -> 0.33678314 | J24: =1+COUNTIF($I$23:$I$32,">"&I24) -> 7
A25: RO | B25: =B$18*B6/B$15 -> 0.077216339 | C25: =C$18*C6/C$15 -> 0.0608241 | D25: =D$18*D6/D$15 -> 0.028745062 | E25: =E$18*E6/E$15 -> 0.029054152 | F25: =F$18*F6/F$15 -> 0.036270586 | G25: =SQRT(SUMPRODUCT((B25:F25-$B$33:$F$33)^2)) -> 0.12885638 | H25: =SQRT(SUMPRODUCT((B25:F25-$B$34:$F$34)^2)) -> 0.059023768 | I25: =H25/(G25+H25) -> 0.31415649 | J25: =1+COUNTIF($I$23:$I$32,">"&I25) -> 8
A26: CZ | B26: =B$18*B7/B$15 -> 0.098697946 | C26: =C$18*C7/C$15 -> 0.1114002 | D26: =D$18*D7/D$15 -> 0.067077543 | E26: =E$18*E7/E$15 -> 0.03781369 | F26: =F$18*F7/F$15 -> 0.077900726 | G26: =SQRT(SUMPRODUCT((B26:F26-$B$33:$F$33)^2)) -> 0.055474895 | H26: =SQRT(SUMPRODUCT((B26:F26-$B$34:$F$34)^2)) -> 0.12658395 | I26: =H26/(G26+H26) -> 0.6952914 | J26: =1+COUNTIF($I$23:$I$32,">"&I26) -> 2
A27: SK | B27: =B$18*B8/B$15 -> 0.061476068 | C27: =C$18*C8/C$15 -> 0.059187673 | D27: =D$18*D8/D$15 -> 0.059968501 | E27: =E$18*E8/E$15 -> 0.028818978 | F27: =F$18*F8/F$15 -> 0.059747968 | G27: =SQRT(SUMPRODUCT((B27:F27-$B$33:$F$33)^2)) -> 0.12250373 | H27: =SQRT(SUMPRODUCT((B27:F27-$B$34:$F$34)^2)) -> 0.063583982 | I27: =H27/(G27+H27) -> 0.34168823 | J27: =1+COUNTIF($I$23:$I$32,">"&I27) -> 6
A28: LT | B28: =B$18*B9/B$15 -> 0.12176209 | C28: =C$18*C9/C$15 -> 0.098323977 | D28: =D$18*D9/D$15 -> 0.075651811 | E28: =E$18*E9/E$15 -> 0.046883441 | F28: =F$18*F9/F$15 -> 0.084475607 | G28: =SQRT(SUMPRODUCT((B28:F28-$B$33:$F$33)^2)) -> 0.06003828 | H28: =SQRT(SUMPRODUCT((B28:F28-$B$34:$F$34)^2)) -> 0.13971305 | I28: =H28/(G28+H28) -> 0.6994349 | J28: =1+COUNTIF($I$23:$I$32,">"&I28) -> 1
A29: LV | B29: =B$18*B10/B$15 -> 0.1245995 | C29: =C$18*C10/C$15 -> 0.067544611 | D29: =D$18*D10/D$15 -> 0.05607998 | E29: =E$18*E10/E$15 -> 0.036682523 | F29: =F$18*F10/F$15 -> 0.05720885 | G29: =SQRT(SUMPRODUCT((B29:F29-$B$33:$F$33)^2)) -> 0.097342552 | H29: =SQRT(SUMPRODUCT((B29:F29-$B$34:$F$34)^2)) -> 0.11130113 | I29: =H29/(G29+H29) -> 0.53345076 | J29: =1+COUNTIF($I$23:$I$32,">"&I29) -> 5
A30: EE | B30: =B$18*B11/B$15 -> 0.1013866 | C30: =C$18*C11/C$15 -> 0.093202445 | D30: =D$18*D11/D$15 -> 0.062546455 | E30: =E$18*E11/E$15 -> 0.047345477 | F30: =F$18*F11/F$15 -> 0.058606478 | G30: =SQRT(SUMPRODUCT((B30:F30-$B$33:$F$33)^2)) -> 0.074944195 | H30: =SQRT(SUMPRODUCT((B30:F30-$B$34:$F$34)^2)) -> 0.11081018 | I30: =H30/(G30+H30) -> 0.59654143 | J30: =1+COUNTIF($I$23:$I$32,">"&I30) -> 4
A31: BG | B31: =B$18*B12/B$15 -> 0.038270392 | C31: =C$18*C12/C$15 -> 0.026997205 | D31: =D$18*D12/D$15 -> 0.028017312 | E31: =E$18*E12/E$15 -> 0.023842784 | F31: =F$18*F12/F$15 -> 0.0293755 | G31: =SQRT(SUMPRODUCT((B31:F31-$B$33:$F$33)^2)) -> 0.17478229 | H31: =SQRT(SUMPRODUCT((B31:F31-$B$34:$F$34)^2)) -> 0.0093455663 | I31: =H31/(G31+H31) -> 0.050755853 | J31: =1+COUNTIF($I$23:$I$32,">"&I31) -> 10
A32: UA | B32: =B$18*B13/B$15 -> 0.030486818 | C32: =C$18*C13/C$15 -> 0.058981565 | D32: =D$18*D13/D$15 -> 0.036864115 | E32: =E$18*E13/E$15 -> 0.018670203 | F32: =F$18*F13/F$15 -> 0.029803335 | G32: =SQRT(SUMPRODUCT((B32:F32-$B$33:$F$33)^2)) -> 0.155035 | H32: =SQRT(SUMPRODUCT((B32:F32-$B$34:$F$34)^2)) -> 0.033188074 | I32: =H32/(G32+H32) -> 0.1763231 | J32: =1+COUNTIF($I$23:$I$32,">"&I32) -> 9
A33: Ideal | B33: =MAX(B23:B32) -> 0.1245995 | C33: =MAX(C23:C32) -> 0.15829339 | D33: =MAX(D23:D32) -> 0.075651811 | E33: =MAX(E23:E32) -> 0.047345477 | F33: =MAX(F23:F32) -> 0.084475607
A34: Anti-ideal | B34: =MIN(B23:B32) -> 0.030486818 | C34: =MIN(C23:C32) -> 0.026997205 | D34: =MIN(D23:D32) -> 0.028017312 | E34: =MIN(E23:E32) -> 0.018670203 | F34: =MIN(F23:F32) -> 0.0293755
A39: Weighted normalised matrix, equal weights
A40: Unit | B40: C | C40: L1 | D40: L2 | E40: L3 | F40: L4 | G40: Distance to ideal | H40: Distance to anti-ideal | I40: Closeness | J40: Rank
A41: PL | B41: =B$19*B4/B$15 -> 0.058219866 | C41: =C$19*C4/C$15 -> 0.11383348 | D41: =D$19*D4/D$15 -> 0.041724419 | E41: =E$19*E4/E$15 -> 0.072319596 | F41: =F$19*F4/F$15 -> 0.056906228 | G41: =SQRT(SUMPRODUCT((B41:F41-$B$51:$F$51)^2)) -> 0.072716931 | H41: =SQRT(SUMPRODUCT((B41:F41-$B$52:$F$52)^2)) -> 0.11089932 | I41: =H41/(G41+H41) -> 0.60397335 | J41: =1+COUNTIF($I$41:$I$50,">"&I41) -> 4
A42: HU | B42: =B$19*B5/B$15 -> 0.038454586 | C42: =C$19*C5/C$15 -> 0.053591144 | D42: =D$19*D5/D$15 -> 0.063806296 | E42: =E$19*E5/E$15 -> 0.05666574 | F42: =F$19*F5/F$15 -> 0.052024841 | G42: =SQRT(SUMPRODUCT((B42:F42-$B$51:$F$51)^2)) -> 0.10035328 | H42: =SQRT(SUMPRODUCT((B42:F42-$B$52:$F$52)^2)) -> 0.056707486 | I42: =H42/(G42+H42) -> 0.36105443 | J42: =1+COUNTIF($I$41:$I$50,">"&I42) -> 7
A43: RO | B43: =B$19*B6/B$15 -> 0.057888639 | C43: =C$19*C6/C$15 -> 0.043740417 | D43: =D$19*D6/D$15 -> 0.034418409 | E43: =E$19*E6/E$15 -> 0.052119928 | F43: =F$19*F6/F$15 -> 0.041079348 | G43: =SQRT(SUMPRODUCT((B43:F43-$B$51:$F$51)^2)) -> 0.11570123 | H43: =SQRT(SUMPRODUCT((B43:F43-$B$52:$F$52)^2)) -> 0.047199409 | I43: =H43/(G43+H43) -> 0.28974355 | J43: =1+COUNTIF($I$41:$I$50,">"&I43) -> 8
A44: CZ | B44: =B$19*B7/B$15 -> 0.073993275 | C44: =C$19*C7/C$15 -> 0.080111195 | D44: =D$19*D7/D$15 -> 0.080316486 | E44: =E$19*E7/E$15 -> 0.067833568 | F44: =F$19*F7/F$15 -> 0.08822882 | G44: =SQRT(SUMPRODUCT((B44:F44-$B$51:$F$51)^2)) -> 0.044356389 | H44: =SQRT(SUMPRODUCT((B44:F44-$B$52:$F$52)^2)) -> 0.11263347 | I44: =H44/(G44+H44) -> 0.71745698 | J44: =1+COUNTIF($I$41:$I$50,">"&I44) -> 2
A45: SK | B45: =B$19*B8/B$15 -> 0.04608825 | C45: =C$19*C8/C$15 -> 0.042563614 | D45: =D$19*D8/D$15 -> 0.071804348 | E45: =E$19*E8/E$15 -> 0.051698052 | F45: =F$19*F8/F$15 -> 0.067669366 | G45: =SQRT(SUMPRODUCT((B45:F45-$B$51:$F$51)^2)) -> 0.097777267 | H45: =SQRT(SUMPRODUCT((B45:F45-$B$52:$F$52)^2)) -> 0.063671116 | I45: =H45/(G45+H45) -> 0.39437444 | J45: =1+COUNTIF($I$41:$I$50,">"&I45) -> 6
A46: LT | B46: =B$19*B9/B$15 -> 0.091284327 | C46: =C$19*C9/C$15 -> 0.070707694 | D46: =D$19*D9/D$15 -> 0.090583037 | E46: =E$19*E9/E$15 -> 0.084103696 | F46: =F$19*F9/F$15 -> 0.0956754 | G46: =SQRT(SUMPRODUCT((B46:F46-$B$51:$F$51)^2)) -> 0.043186173 | H46: =SQRT(SUMPRODUCT((B46:F46-$B$52:$F$52)^2)) -> 0.1304703 | I46: =H46/(G46+H46) -> 0.75131263 | J46: =1+COUNTIF($I$41:$I$50,">"&I46) -> 1
A47: LV | B47: =B$19*B10/B$15 -> 0.09341152 | C47: =C$19*C10/C$15 -> 0.048573337 | D47: =D$19*D10/D$15 -> 0.067148358 | E47: =E$19*E10/E$15 -> 0.065804379 | F47: =F$19*F10/F$15 -> 0.064793611 | G47: =SQRT(SUMPRODUCT((B47:F47-$B$51:$F$51)^2)) -> 0.078279257 | H47: =SQRT(SUMPRODUCT((B47:F47-$B$52:$F$52)^2)) -> 0.094843039 | I47: =H47/(G47+H47) -> 0.54783839 | J47: =1+COUNTIF($I$41:$I$50,">"&I47) -> 5
A48: EE | B48: =B$19*B11/B$15 -> 0.076008945 | C48: =C$19*C11/C$15 -> 0.067024648 | D48: =D$19*D11/D$15 -> 0.074891106 | E48: =E$19*E11/E$15 -> 0.084932537 | F48: =F$19*F11/F$15 -> 0.066376537 | G48: =SQRT(SUMPRODUCT((B48:F48-$B$51:$F$51)^2)) -> 0.059988138 | H48: =SQRT(SUMPRODUCT((B48:F48-$B$52:$F$52)^2)) -> 0.10268132 | I48: =H48/(G48+H48) -> 0.6312268 | J48: =1+COUNTIF($I$41:$I$50,">"&I48) -> 3
A49: BG | B49: =B$19*B12/B$15 -> 0.02869109 | C49: =C$19*C12/C$15 -> 0.019414492 | D49: =D$19*D12/D$15 -> 0.033547025 | E49: =E$19*E12/E$15 -> 0.042771312 | F49: =F$19*F12/F$15 -> 0.03327011 | G49: =SQRT(SUMPRODUCT((B49:F49-$B$51:$F$51)^2)) -> 0.14842094 | H49: =SQRT(SUMPRODUCT((B49:F49-$B$52:$F$52)^2)) -> 0.010961353 | I49: =H49/(G49+H49) -> 0.068773969 | J49: =1+COUNTIF($I$41:$I$50,">"&I49) -> 10
A50: UA | B50: =B$19*B13/B$15 -> 0.02285579 | C50: =C$19*C13/C$15 -> 0.042415396 | D50: =D$19*D13/D$15 -> 0.044139901 | E50: =E$19*E13/E$15 -> 0.033492274 | F50: =F$19*F13/F$15 -> 0.033754668 | G50: =SQRT(SUMPRODUCT((B50:F50-$B$51:$F$51)^2)) -> 0.13680605 | H50: =SQRT(SUMPRODUCT((B50:F50-$B$52:$F$52)^2)) -> 0.025327562 | I50: =H50/(G50+H50) -> 0.15621413 | J50: =1+COUNTIF($I$41:$I$50,">"&I50) -> 9
A51: Ideal | B51: =MAX(B41:B50) -> 0.09341152 | C51: =MAX(C41:C50) -> 0.11383348 | D51: =MAX(D41:D50) -> 0.090583037 | E51: =MAX(E41:E50) -> 0.084932537 | F51: =MAX(F41:F50) -> 0.0956754
A52: Anti-ideal | B52: =MIN(B41:B50) -> 0.02285579 | C52: =MIN(C41:C50) -> 0.019414492 | D52: =MIN(D41:D50) -> 0.033547025 | E52: =MIN(E41:E50) -> 0.033492274 | F52: =MIN(F41:F50) -> 0.03327011
A60: Spearman ADMI vs TOPSIS (entropy weights) | B60: =1-6*SUMPRODUCT((Processing_index!$AF$6:$AF$15-TOPSIS!$J$23:$J$32)^2)/(10*(10^2-1)) -> 0.96363636
A61: Pearson ADMI vs TOPSIS closeness | B61: =SUMPRODUCT((Processing_index!$AD$6:$AD$15-AVERAGE(Processing_index!$AD$6:$AD$15))*(TOPSIS!$I$23:$I$32-AVERAGE(TOPSIS!$I$23:$I$32)))/SQRT(SUMPRODUCT((Processing_index!$AD$6:$AD$15-AVERAGE(Processing_index!$AD$6:$AD$15))^2)*SUMPRODUCT((TOPSIS!$I$23:$I$32-AVERAGE(TOPSIS!$I$23:$I$32))^2)) -> 0.95697441
A62: Spearman TOPSIS entropy vs equal weights | B62: =1-6*SUMPRODUCT((TOPSIS!$J$23:$J$32-TOPSIS!$J$41:$J$50)^2)/(10*(10^2-1)) -> 0.98787879

Sheet Orientations
A1: Mean layer profiles of CEE countries at levels 3 and 4 and the gap of Ukraine
A3: Component | B3: Ukraine | C3: Level 3 mean | D3: Level 4 mean | E3: EU-27 | F3: Gap to level 3
A4: C | B4: =Processing_index!$S$15 -> 0.17392267 | C4: =AVERAGEIFS(Processing_index!$S$6:$S$14,Processing_index!$AE$6:$AE$14,3) -> 0.44929589 | D4: =AVERAGEIFS(Processing_index!$S$6:$S$14,Processing_index!$AE$6:$AE$14,4) -> 0.61202872 | E4: =Processing_index!$S$4 -> 0.51339238 | F4: =C4-B4 -> 0.27537323
A5: L1 | B5: =Processing_index!$T$15 -> 0.23417283 | C5: =AVERAGEIFS(Processing_index!$T$6:$T$14,Processing_index!$AE$6:$AE$14,3) -> 0.3568757 | D5: =AVERAGEIFS(Processing_index!$T$6:$T$14,Processing_index!$AE$6:$AE$14,4) -> 0.40090032 | E5: =Processing_index!$T$4 -> 0.40821146 | F5: =C5-B5 -> 0.12270287
A6: L2 | B6: =Processing_index!$U$15 -> 0.36886288 | C6: =AVERAGEIFS(Processing_index!$U$6:$U$14,Processing_index!$AE$6:$AE$14,3) -> 0.51076722 | D6: =AVERAGEIFS(Processing_index!$U$6:$U$14,Processing_index!$AE$6:$AE$14,4) -> 0.68466426 | E6: =Processing_index!$U$4 -> 0.53168491 | F6: =C6-B6 -> 0.14190434
A7: L3 | B7: =Processing_index!$V$15 -> 0.35816637 | C7: =AVERAGEIFS(Processing_index!$V$6:$V$14,Processing_index!$AE$6:$AE$14,3) -> 0.65898503 | D7: =AVERAGEIFS(Processing_index!$V$6:$V$14,Processing_index!$AE$6:$AE$14,4) -> 0.84436187 | E7: =Processing_index!$V$4 -> 0.71734079 | F7: =C7-B7 -> 0.30081866
A8: L4 | B8: =Processing_index!$W$15 -> 0.31068595 | C8: =AVERAGEIFS(Processing_index!$W$6:$W$14,Processing_index!$AE$6:$AE$14,3) -> 0.55546198 | D8: =AVERAGEIFS(Processing_index!$W$6:$W$14,Processing_index!$AE$6:$AE$14,4) -> 0.7678811 | E8: =Processing_index!$W$4 -> 0.62060695 | F8: =C8-B8 -> 0.24477603
A9: DM_I | B9: =Processing_index!$X$15 -> 0.28784229 | C9: =AVERAGEIFS(Processing_index!$X$6:$X$14,Processing_index!$AE$6:$AE$14,3) -> 0.29836355 | D9: =AVERAGEIFS(Processing_index!$X$6:$X$14,Processing_index!$AE$6:$AE$14,4) -> 0.56763426 | E9: =Processing_index!$X$4 -> 0.43058584 | F9: =C9-B9 -> 0.010521256
A10: DM_S | B10: =Processing_index!$Y$15 -> 0.23855689 | C10: =AVERAGEIFS(Processing_index!$Y$6:$Y$14,Processing_index!$AE$6:$AE$14,3) -> 0.43925494 | D10: =AVERAGEIFS(Processing_index!$Y$6:$Y$14,Processing_index!$AE$6:$AE$14,4) -> 0.64923675 | E10: =Processing_index!$Y$4 -> 0.55128568 | F10: =C10-B10 -> 0.20069805

Sheet Normalisation_check
A1: Min-max normalisation: DM = MIN(1, MAX(0, (P - P_min) / (P_leader - P_min)))
A3: Unit | B3: ERP | C3: IOT_PRODUCTION | D3: ICT_SECURITY_DOCUMENT | E3: ICT_TRAINING_ICT_SPECIALISTS | F3: ICT_TRAINING_OTHER_EMPLOYEES | G3: SUPPLY_CHAIN_DATA_EXCHANGE | H3: DATA_ANALYTICS | I3: IOT_ANY | J3: MOBILE_INTERNET | K3: PAID_CLOUD | L3: ECOMMERCE_SALES | M3: WEBSITE | N3: CRM | O3: EINVOICE_AUTOMATED | P3: BI | Q3: AI_ANY | R3: DII_BASIC_V3 | S3: C | T3: L1 | U3: L2 | V3: L3 | W3: L4 | X3: DM_I | Y3: DM_S | Z3: ADMI_base | AA3: DM_min | AB3: Weakest layer | AC3: Penalty | AD3: ADMI | AE3: Level | AF3: Rank (9 CEE + UA)
A4: EU27_2020 | B4: =IF(Processing_data!$AH$4="","",MIN(1,MAX(0,(Processing_data!$AH$4-Processing_data!$AL$4)/(Processing_data!$AJ$4-Processing_data!$AL$4)))) -> 0.57194389 | C4: =IF(Processing_data!$AH$5="","",MIN(1,MAX(0,(Processing_data!$AH$5-Processing_data!$AL$5)/(Processing_data!$AJ$5-Processing_data!$AL$5)))) -> 0.39112051 | D4: =IF(Processing_data!$AH$6="","",MIN(1,MAX(0,(Processing_data!$AH$6-Processing_data!$AL$6)/(Processing_data!$AJ$6-Processing_data!$AL$6)))) -> 0.34694898 | E4: =IF(Processing_data!$AH$7="","",MIN(1,MAX(0,(Processing_data!$AH$7-Processing_data!$AL$7)/(Processing_data!$AJ$7-Processing_data!$AL$7)))) -> 0.31246086 | F4: =IF(Processing_data!$AH$8="","",MIN(1,MAX(0,(Processing_data!$AH$8-Processing_data!$AL$8)/(Processing_data!$AJ$8-Processing_data!$AL$8)))) -> 0.36134729 | G4: =IF(Processing_data!$AH$9="","",MIN(1,MAX(0,(Processing_data!$AH$9-Processing_data!$AL$9)/(Processing_data!$AJ$9-Processing_data!$AL$9)))) -> 0.37254072 | H4: =IF(Processing_data!$AH$10="","",MIN(1,MAX(0,(Processing_data!$AH$10-Processing_data!$AL$10)/(Processing_data!$AJ$10-Processing_data!$AL$10)))) -> 0.39720017 | I4: =IF(Processing_data!$AH$11="","",MIN(1,MAX(0,(Processing_data!$AH$11-Processing_data!$AL$11)/(Processing_data!$AJ$11-Processing_data!$AL$11)))) -> 0.48567119 | J4: =IF(Processing_data!$AH$12="","",MIN(1,MAX(0,(Processing_data!$AH$12-Processing_data!$AL$12)/(Processing_data!$AJ$12-Processing_data!$AL$12)))) -> 0.64014028 | K4: =IF(Processing_data!$AH$13="","",MIN(1,MAX(0,(Processing_data!$AH$13-Processing_data!$AL$13)/(Processing_data!$AJ$13-Processing_data!$AL$13)))) -> 0.49340678 | L4: =IF(Processing_data!$AH$14="","",MIN(1,MAX(0,(Processing_data!$AH$14-Processing_data!$AL$14)/(Processing_data!$AJ$14-Processing_data!$AL$14)))) -> 0.41203607 | M4: =IF(Processing_data!$AH$15="","",MIN(1,MAX(0,(Processing_data!$AH$15-Processing_data!$AL$15)/(Processing_data!$AJ$15-Processing_data!$AL$15)))) -> 0.56907563 | N4: =IF(Processing_data!$AH$16="","",MIN(1,MAX(0,(Processing_data!$AH$16-Processing_data!$AL$16)/(Processing_data!$AJ$16-Processing_data!$AL$16)))) -> 0.46053702 | O4: =IF(Processing_data!$AH$17="","",MIN(1,MAX(0,(Processing_data!$AH$17-Processing_data!$AL$17)/(Processing_data!$AJ$17-Processing_data!$AL$17)))) -> 0.31018462 | P4: =IF(Processing_data!$AH$18="","",MIN(1,MAX(0,(Processing_data!$AH$18-Processing_data!$AL$18)/(Processing_data!$AJ$18-Processing_data!$AL$18)))) -> 0.34074074 | Q4: =IF(Processing_data!$AH$19="","",MIN(1,MAX(0,(Processing_data!$AH$19-Processing_data!$AL$19)/(Processing_data!$AJ$19-Processing_data!$AL$19)))) -> 0.42652476 | R4: =IF(Processing_data!$AH$20="","",MIN(1,MAX(0,(Processing_data!$AH$20-Processing_data!$AL$20)/(Processing_data!$AJ$20-Processing_data!$AL$20)))) -> 0.47803086 | S4: =AVERAGE(B4:D4) -> 0.43667113 | T4: =AVERAGE(E4:F4) -> 0.33690407 | U4: =AVERAGE(G4:I4) -> 0.41847069 | V4: =AVERAGE(J4:K4) -> 0.56677353 | W4: =AVERAGE(L4:N4) -> 0.48054957 | X4: =AVERAGE(O4:P4) -> 0.32546268 | Y4: =AVERAGE(Q4:R4) -> 0.45227781 | Z4: =AVERAGE(S4:W4) -> 0.4478738 | AA4: =MIN(S4:W4) -> 0.33690407 | AB4: =INDEX($S$3:$W$3,MATCH(AA4,S4:W4,0)) -> L1 | AC4: =1-alpha*MAX(0,delta-AA4) -> 0.98476163 | AD4: =Z4*AC4 -> 0.44104893 | AE4: =1+COUNTIF(bounds,"<"&ROUND(AD4,12)) -> 3
A5: DE | B5: =IF(Processing_data!$L$4="","",MIN(1,MAX(0,(Processing_data!$L$4-Processing_data!$AL$4)/(Processing_data!$AJ$4-Processing_data!$AL$4)))) -> 0.40561122 | C5: =IF(Processing_data!$L$5="","",MIN(1,MAX(0,(Processing_data!$L$5-Processing_data!$AL$5)/(Processing_data!$AJ$5-Processing_data!$AL$5)))) -> 0.43446089 | D5: =IF(Processing_data!$L$6="","",MIN(1,MAX(0,(Processing_data!$L$6-Processing_data!$AL$6)/(Processing_data!$AJ$6-Processing_data!$AL$6)))) -> 0.33244415 | E5: =IF(Processing_data!$L$7="","",MIN(1,MAX(0,(Processing_data!$L$7-Processing_data!$AL$7)/(Processing_data!$AJ$7-Processing_data!$AL$7)))) -> 0.2680025 | F5: =IF(Processing_data!$L$8="","",MIN(1,MAX(0,(Processing_data!$L$8-Processing_data!$AL$8)/(Processing_data!$AJ$8-Processing_data!$AL$8)))) -> 0.32733813 | G5: =IF(Processing_data!$L$9="","",MIN(1,MAX(0,(Processing_data!$L$9-Processing_data!$AL$9)/(Processing_data!$AJ$9-Processing_data!$AL$9)))) -> 0.44637191 | H5: =IF(Processing_data!$L$10="","",MIN(1,MAX(0,(Processing_data!$L$10-Processing_data!$AL$10)/(Processing_data!$AJ$10-Processing_data!$AL$10)))) -> 0.31487672 | I5: =IF(Processing_data!$L$11="","",MIN(1,MAX(0,(Processing_data!$L$11-Processing_data!$AL$11)/(Processing_data!$AJ$11-Processing_data!$AL$11)))) -> 0.7066365 | J5: =IF(Processing_data!$L$12="","",MIN(1,MAX(0,(Processing_data!$L$12-Processing_data!$AL$12)/(Processing_data!$AJ$12-Processing_data!$AL$12)))) -> 0.74453736 | K5: =IF(Processing_data!$L$13="","",MIN(1,MAX(0,(Processing_data!$L$13-Processing_data!$AL$13)/(Processing_data!$AJ$13-Processing_data!$AL$13)))) -> 0.46419629 | L5: =IF(Processing_data!$L$14="","",MIN(1,MAX(0,(Processing_data!$L$14-Processing_data!$AL$14)/(Processing_data!$AJ$14-Processing_data!$AL$14)))) -> 0.38855106 | M5: =IF(Processing_data!$L$15="","",MIN(1,MAX(0,(Processing_data!$L$15-Processing_data!$AL$15)/(Processing_data!$AJ$15-Processing_data!$AL$15)))) -> 0.83915966 | N5: =IF(Processing_data!$L$16="","",MIN(1,MAX(0,(Processing_data!$L$16-Processing_data!$AL$16)/(Processing_data!$AJ$16-Processing_data!$AL$16)))) -> 0.3458096 | O5: =IF(Processing_data!$L$17="","",MIN(1,MAX(0,(Processing_data!$L$17-Processing_data!$AL$17)/(Processing_data!$AJ$17-Processing_data!$AL$17)))) -> 0.11981905 | P5: =IF(Processing_data!$L$18="","",MIN(1,MAX(0,(Processing_data!$L$18-Processing_data!$AL$18)/(Processing_data!$AJ$18-Processing_data!$AL$18)))) -> 0.22020202 | Q5: =IF(Processing_data!$L$19="","",MIN(1,MAX(0,(Processing_data!$L$19-Processing_data!$AL$19)/(Processing_data!$AJ$19-Processing_data!$AL$19)))) -> 0.53417929 | R5: =IF(Processing_data!$L$20="","",MIN(1,MAX(0,(Processing_data!$L$20-Processing_data!$AL$20)/(Processing_data!$AJ$20-Processing_data!$AL$20)))) -> 0.50227774 | S5: =AVERAGE(B5:D5) -> 0.39083875 | T5: =AVERAGE(E5:F5) -> 0.29767032 | U5: =AVERAGE(G5:I5) -> 0.48929504 | V5: =AVERAGE(J5:K5) -> 0.60436683 | W5: =AVERAGE(L5:N5) -> 0.52450677 | X5: =AVERAGE(O5:P5) -> 0.17001053 | Y5: =AVERAGE(Q5:R5) -> 0.51822851 | Z5: =AVERAGE(S5:W5) -> 0.46133554 | AA5: =MIN(S5:W5) -> 0.29767032 | AB5: =INDEX($S$3:$W$3,MATCH(AA5,S5:W5,0)) -> L1 | AC5: =1-alpha*MAX(0,delta-AA5) -> 0.96906813 | AD5: =Z5*AC5 -> 0.44706557 | AE5: =1+COUNTIF(bounds,"<"&ROUND(AD5,12)) -> 3
A6: PL | B6: =IF(Processing_data!$AB$4="","",MIN(1,MAX(0,(Processing_data!$AB$4-Processing_data!$AL$4)/(Processing_data!$AJ$4-Processing_data!$AL$4)))) -> 0.41402806 | C6: =IF(Processing_data!$AB$5="","",MIN(1,MAX(0,(Processing_data!$AB$5-Processing_data!$AL$5)/(Processing_data!$AJ$5-Processing_data!$AL$5)))) -> 0.21775899 | D6: =IF(Processing_data!$AB$6="","",MIN(1,MAX(0,(Processing_data!$AB$6-Processing_data!$AL$6)/(Processing_data!$AJ$6-Processing_data!$AL$6)))) -> 0.4153051 | E6: =IF(Processing_data!$AB$7="","",MIN(1,MAX(0,(Processing_data!$AB$7-Processing_data!$AL$7)/(Processing_data!$AJ$7-Processing_data!$AL$7)))) -> 0.71195992 | F6: =IF(Processing_data!$AB$8="","",MIN(1,MAX(0,(Processing_data!$AB$8-Processing_data!$AL$8)/(Processing_data!$AJ$8-Processing_data!$AL$8)))) -> 0.45846959 | G6: =IF(Processing_data!$AB$9="","",MIN(1,MAX(0,(Processing_data!$AB$9-Processing_data!$AL$9)/(Processing_data!$AJ$9-Processing_data!$AL$9)))) -> 0.3824836 | H6: =IF(Processing_data!$AB$10="","",MIN(1,MAX(0,(Processing_data!$AB$10-Processing_data!$AL$10)/(Processing_data!$AJ$10-Processing_data!$AL$10)))) -> 0 | I6: =IF(Processing_data!$AB$11="","",MIN(1,MAX(0,(Processing_data!$AB$11-Processing_data!$AL$11)/(Processing_data!$AJ$11-Processing_data!$AL$11)))) -> 0.14404223 | J6: =IF(Processing_data!$AB$12="","",MIN(1,MAX(0,(Processing_data!$AB$12-Processing_data!$AL$12)/(Processing_data!$AJ$12-Processing_data!$AL$12)))) -> 0.77744807 | K6: =IF(Processing_data!$AB$13="","",MIN(1,MAX(0,(Processing_data!$AB$13-Processing_data!$AL$13)/(Processing_data!$AJ$13-Processing_data!$AL$13)))) -> 0.56351193 | L6: =IF(Processing_data!$AB$14="","",MIN(1,MAX(0,(Processing_data!$AB$14-Processing_data!$AL$14)/(Processing_data!$AJ$14-Processing_data!$AL$14)))) -> 0.098133781 | M6: =IF(Processing_data!$AB$15="","",MIN(1,MAX(0,(Processing_data!$AB$15-Processing_data!$AL$15)/(Processing_data!$AJ$15-Processing_data!$AL$15)))) -> 0.32235294 | N6: =IF(Processing_data!$AB$16="","",MIN(1,MAX(0,(Processing_data!$AB$16-Processing_data!$AL$16)/(Processing_data!$AJ$16-Processing_data!$AL$16)))) -> 0.58868999 | O6: =IF(Processing_data!$AB$17="","",MIN(1,MAX(0,(Processing_data!$AB$17-Processing_data!$AL$17)/(Processing_data!$AJ$17-Processing_data!$AL$17)))) -> 0 | P6: =IF(Processing_data!$AB$18="","",MIN(1,MAX(0,(Processing_data!$AB$18-Processing_data!$AL$18)/(Processing_data!$AJ$18-Processing_data!$AL$18)))) -> 0.16363636 | Q6: =IF(Processing_data!$AB$19="","",MIN(1,MAX(0,(Processing_data!$AB$19-Processing_data!$AL$19)/(Processing_data!$AJ$19-Processing_data!$AL$19)))) -> 0.12116251 | R6: =IF(Processing_data!$AB$20="","",MIN(1,MAX(0,(Processing_data!$AB$20-Processing_data!$AL$20)/(Processing_data!$AJ$20-Processing_data!$AL$20)))) -> 0.31359295 | S6: =AVERAGE(B6:D6) -> 0.34903071 | T6: =AVERAGE(E6:F6) -> 0.58521476 | U6: =AVERAGE(G6:I6) -> 0.17550861 | V6: =AVERAGE(J6:K6) -> 0.67048 | W6: =AVERAGE(L6:N6) -> 0.33639224 | X6: =AVERAGE(O6:P6) -> 0.081818182 | Y6: =AVERAGE(Q6:R6) -> 0.21737773 | Z6: =AVERAGE(S6:W6) -> 0.42332526 | AA6: =MIN(S6:W6) -> 0.17550861 | AB6: =INDEX($S$3:$W$3,MATCH(AA6,S6:W6,0)) -> L2 | AC6: =1-alpha*MAX(0,delta-AA6) -> 0.92020344 | AD6: =Z6*AC6 -> 0.38954537 | AE6: =1+COUNTIF(bounds,"<"&ROUND(AD6,12)) -> 2 | AF6: =1+COUNTIF($AD$6:$AD$15,">"&AD6) -> 5
A7: HU | B7: =IF(Processing_data!$T$4="","",MIN(1,MAX(0,(Processing_data!$T$4-Processing_data!$AL$4)/(Processing_data!$AJ$4-Processing_data!$AL$4)))) -> 0.23146293 | C7: =IF(Processing_data!$T$5="","",MIN(1,MAX(0,(Processing_data!$T$5-Processing_data!$AL$5)/(Processing_data!$AJ$5-Processing_data!$AL$5)))) -> 0.23731501 | D7: =IF(Processing_data!$T$6="","",MIN(1,MAX(0,(Processing_data!$T$6-Processing_data!$AL$6)/(Processing_data!$AJ$6-Processing_data!$AL$6)))) -> 0.05135045 | E7: =IF(Processing_data!$T$7="","",MIN(1,MAX(0,(Processing_data!$T$7-Processing_data!$AL$7)/(Processing_data!$AJ$7-Processing_data!$AL$7)))) -> 0.22980589 | F7: =IF(Processing_data!$T$8="","",MIN(1,MAX(0,(Processing_data!$T$8-Processing_data!$AL$8)/(Processing_data!$AJ$8-Processing_data!$AL$8)))) -> 0.19326357 | G7: =IF(Processing_data!$T$9="","",MIN(1,MAX(0,(Processing_data!$T$9-Processing_data!$AL$9)/(Processing_data!$AJ$9-Processing_data!$AL$9)))) | H7: =IF(Processing_data!$T$10="","",MIN(1,MAX(0,(Processing_data!$T$10-Processing_data!$AL$10)/(Processing_data!$AJ$10-Processing_data!$AL$10)))) -> 0.50376097 | I7: =IF(Processing_data!$T$11="","",MIN(1,MAX(0,(Processing_data!$T$11-Processing_data!$AL$11)/(Processing_data!$AJ$11-Processing_data!$AL$11)))) -> 0.27652086 | J7: =IF(Processing_data!$T$12="","",MIN(1,MAX(0,(Processing_data!$T$12-Processing_data!$AL$12)/(Processing_data!$AJ$12-Processing_data!$AL$12)))) -> 0.31669814 | K7: =IF(Processing_data!$T$13="","",MIN(1,MAX(0,(Processing_data!$T$13-Processing_data!$AL$13)/(Processing_data!$AJ$13-Processing_data!$AL$13)))) -> 0.37739943 | L7: =IF(Processing_data!$T$14="","",MIN(1,MAX(0,(Processing_data!$T$14-Processing_data!$AL$14)/(Processing_data!$AJ$14-Processing_data!$AL$14)))) -> 0.25644789 | M7: =IF(Processing_data!$T$15="","",MIN(1,MAX(0,(Processing_data!$T$15-Processing_data!$AL$15)/(Processing_data!$AJ$15-Processing_data!$AL$15)))) -> 0.35142857 | N7: =IF(Processing_data!$T$16="","",MIN(1,MAX(0,(Processing_data!$T$16-Processing_data!$AL$16)/(Processing_data!$AJ$16-Processing_data!$AL$16)))) -> 0.24043938 | O7: =IF(Processing_data!$T$17="","",MIN(1,MAX(0,(Processing_data!$T$17-Processing_data!$AL$17)/(Processing_data!$AJ$17-Processing_data!$AL$17)))) -> 0.19036557 | P7: =IF(Processing_data!$T$18="","",MIN(1,MAX(0,(Processing_data!$T$18-Processing_data!$AL$18)/(Processing_data!$AJ$18-Processing_data!$AL$18)))) -> 0.02996633 | Q7: =IF(Processing_data!$T$19="","",MIN(1,MAX(0,(Processing_data!$T$19-Processing_data!$AL$19)/(Processing_data!$AJ$19-Processing_data!$AL$19)))) -> 0.16373312 | R7: =IF(Processing_data!$T$20="","",MIN(1,MAX(0,(Processing_data!$T$20-Processing_data!$AL$20)/(Processing_data!$AJ$20-Processing_data!$AL$20)))) -> 0.33181484 | S7: =AVERAGE(B7:D7) -> 0.17337613 | T7: =AVERAGE(E7:F7) -> 0.21153473 | U7: =AVERAGE(G7:I7) -> 0.39014092 | V7: =AVERAGE(J7:K7) -> 0.34704879 | W7: =AVERAGE(L7:N7) -> 0.28277195 | X7: =AVERAGE(O7:P7) -> 0.11016595 | Y7: =AVERAGE(Q7:R7) -> 0.24777398 | Z7: =AVERAGE(S7:W7) -> 0.2809745 | AA7: =MIN(S7:W7) -> 0.17337613 | AB7: =INDEX($S$3:$W$3,MATCH(AA7,S7:W7,0)) -> C | AC7: =1-alpha*MAX(0,delta-AA7) -> 0.91935045 | AD7: =Z7*AC7 -> 0.25831404 | AE7: =1+COUNTIF(bounds,"<"&ROUND(AD7,12)) -> 2 | AF7: =1+COUNTIF($AD$6:$AD$15,">"&AD7) -> 7
A8: RO | B8: =IF(Processing_data!$AD$4="","",MIN(1,MAX(0,(Processing_data!$AD$4-Processing_data!$AL$4)/(Processing_data!$AJ$4-Processing_data!$AL$4)))) -> 0.090180361 | C8: =IF(Processing_data!$AD$5="","",MIN(1,MAX(0,(Processing_data!$AD$5-Processing_data!$AL$5)/(Processing_data!$AJ$5-Processing_data!$AL$5)))) -> 0.040169133 | D8: =IF(Processing_data!$AD$6="","",MIN(1,MAX(0,(Processing_data!$AD$6-Processing_data!$AL$6)/(Processing_data!$AJ$6-Processing_data!$AL$6)))) -> 0.84811604 | E8: =IF(Processing_data!$AD$7="","",MIN(1,MAX(0,(Processing_data!$AD$7-Processing_data!$AL$7)/(Processing_data!$AJ$7-Processing_data!$AL$7)))) -> 0.22792736 | F8: =IF(Processing_data!$AD$8="","",MIN(1,MAX(0,(Processing_data!$AD$8-Processing_data!$AL$8)/(Processing_data!$AJ$8-Processing_data!$AL$8)))) -> 0.074558535 | G8: =IF(Processing_data!$AD$9="","",MIN(1,MAX(0,(Processing_data!$AD$9-Processing_data!$AL$9)/(Processing_data!$AJ$9-Processing_data!$AL$9)))) -> 0.089485932 | H8: =IF(Processing_data!$AD$10="","",MIN(1,MAX(0,(Processing_data!$AD$10-Processing_data!$AL$10)/(Processing_data!$AJ$10-Processing_data!$AL$10)))) -> 0.26974509 | I8: =IF(Processing_data!$AD$11="","",MIN(1,MAX(0,(Processing_data!$AD$11-Processing_data!$AL$11)/(Processing_data!$AJ$11-Processing_data!$AL$11)))) -> 0 | J8: =IF(Processing_data!$AD$12="","",MIN(1,MAX(0,(Processing_data!$AD$12-Processing_data!$AL$12)/(Processing_data!$AJ$12-Processing_data!$AL$12)))) -> 0.61694092 | K8: =IF(Processing_data!$AD$13="","",MIN(1,MAX(0,(Processing_data!$AD$13-Processing_data!$AL$13)/(Processing_data!$AJ$13-Processing_data!$AL$13)))) -> 0.12368553 | L8: =IF(Processing_data!$AD$14="","",MIN(1,MAX(0,(Processing_data!$AD$14-Processing_data!$AL$14)/(Processing_data!$AJ$14-Processing_data!$AL$14)))) -> 0.13713567 | M8: =IF(Processing_data!$AD$15="","",MIN(1,MAX(0,(Processing_data!$AD$15-Processing_data!$AL$15)/(Processing_data!$AJ$15-Processing_data!$AL$15)))) -> 0.20537815 | N8: =IF(Processing_data!$AD$16="","",MIN(1,MAX(0,(Processing_data!$AD$16-Processing_data!$AL$16)/(Processing_data!$AJ$16-Processing_data!$AL$16)))) -> 0.085842148 | O8: =IF(Processing_data!$AD$17="","",MIN(1,MAX(0,(Processing_data!$AD$17-Processing_data!$AL$17)/(Processing_data!$AJ$17-Processing_data!$AL$17)))) -> 0.32962465 | P8: =IF(Processing_data!$AD$18="","",MIN(1,MAX(0,(Processing_data!$AD$18-Processing_data!$AL$18)/(Processing_data!$AJ$18-Processing_data!$AL$18)))) -> 0.027946128 | Q8: =IF(Processing_data!$AD$19="","",MIN(1,MAX(0,(Processing_data!$AD$19-Processing_data!$AL$19)/(Processing_data!$AJ$19-Processing_data!$AL$19)))) -> 0 | R8: =IF(Processing_data!$AD$20="","",MIN(1,MAX(0,(Processing_data!$AD$20-Processing_data!$AL$20)/(Processing_data!$AJ$20-Processing_data!$AL$20)))) -> 0.093019838 | S8: =AVERAGE(B8:D8) -> 0.32615518 | T8: =AVERAGE(E8:F8) -> 0.15124295 | U8: =AVERAGE(G8:I8) -> 0.11974367 | V8: =AVERAGE(J8:K8) -> 0.37031323 | W8: =AVERAGE(L8:N8) -> 0.14278532 | X8: =AVERAGE(O8:P8) -> 0.17878539 | Y8: =AVERAGE(Q8:R8) -> 0.046509919 | Z8: =AVERAGE(S8:W8) -> 0.22204807 | AA8: =MIN(S8:W8) -> 0.11974367 | AB8: =INDEX($S$3:$W$3,MATCH(AA8,S8:W8,0)) -> L2 | AC8: =1-alpha*MAX(0,delta-AA8) -> 0.89789747 | AD8: =Z8*AC8 -> 0.1993764 | AE8: =1+COUNTIF(bounds,"<"&ROUND(AD8,12)) -> 1 | AF8: =1+COUNTIF($AD$6:$AD$15,">"&AD8) -> 8
A9: CZ | B9: =IF(Processing_data!$K$4="","",MIN(1,MAX(0,(Processing_data!$K$4-Processing_data!$AL$4)/(Processing_data!$AJ$4-Processing_data!$AL$4)))) -> 0.63406814 | C9: =IF(Processing_data!$K$5="","",MIN(1,MAX(0,(Processing_data!$K$5-Processing_data!$AL$5)/(Processing_data!$AJ$5-Processing_data!$AL$5)))) -> 0.67389006 | D9: =IF(Processing_data!$K$6="","",MIN(1,MAX(0,(Processing_data!$K$6-Processing_data!$AL$6)/(Processing_data!$AJ$6-Processing_data!$AL$6)))) -> 0.18222741 | E9: =IF(Processing_data!$K$7="","",MIN(1,MAX(0,(Processing_data!$K$7-Processing_data!$AL$7)/(Processing_data!$AJ$7-Processing_data!$AL$7)))) -> 0.33750783 | F9: =IF(Processing_data!$K$8="","",MIN(1,MAX(0,(Processing_data!$K$8-Processing_data!$AL$8)/(Processing_data!$AJ$8-Processing_data!$AL$8)))) -> 0.41236102 | G9: =IF(Processing_data!$K$9="","",MIN(1,MAX(0,(Processing_data!$K$9-Processing_data!$AL$9)/(Processing_data!$AJ$9-Processing_data!$AL$9)))) -> 0.66786545 | H9: =IF(Processing_data!$K$10="","",MIN(1,MAX(0,(Processing_data!$K$10-Processing_data!$AL$10)/(Processing_data!$AJ$10-Processing_data!$AL$10)))) -> 0.47618053 | I9: =IF(Processing_data!$K$11="","",MIN(1,MAX(0,(Processing_data!$K$11-Processing_data!$AL$11)/(Processing_data!$AJ$11-Processing_data!$AL$11)))) -> 0.60784314 | J9: =IF(Processing_data!$K$12="","",MIN(1,MAX(0,(Processing_data!$K$12-Processing_data!$AL$12)/(Processing_data!$AJ$12-Processing_data!$AL$12)))) -> 0.62017804 | K9: =IF(Processing_data!$K$13="","",MIN(1,MAX(0,(Processing_data!$K$13-Processing_data!$AL$13)/(Processing_data!$AJ$13-Processing_data!$AL$13)))) -> 0.52178267 | L9: =IF(Processing_data!$K$14="","",MIN(1,MAX(0,(Processing_data!$K$14-Processing_data!$AL$14)/(Processing_data!$AJ$14-Processing_data!$AL$14)))) -> 0.55504299 | M9: =IF(Processing_data!$K$15="","",MIN(1,MAX(0,(Processing_data!$K$15-Processing_data!$AL$15)/(Processing_data!$AJ$15-Processing_data!$AL$15)))) -> 0.69142857 | N9: =IF(Processing_data!$K$16="","",MIN(1,MAX(0,(Processing_data!$K$16-Processing_data!$AL$16)/(Processing_data!$AJ$16-Processing_data!$AL$16)))) -> 0.95646867 | O9: =IF(Processing_data!$K$17="","",MIN(1,MAX(0,(Processing_data!$K$17-Processing_data!$AL$17)/(Processing_data!$AJ$17-Processing_data!$AL$17)))) -> 0.23291356 | P9: =IF(Processing_data!$K$18="","",MIN(1,MAX(0,(Processing_data!$K$18-Processing_data!$AL$18)/(Processing_data!$AJ$18-Processing_data!$AL$18)))) -> 0.28249158 | Q9: =IF(Processing_data!$K$19="","",MIN(1,MAX(0,(Processing_data!$K$19-Processing_data!$AL$19)/(Processing_data!$AJ$19-Processing_data!$AL$19)))) -> 0.35734752 | R9: =IF(Processing_data!$K$20="","",MIN(1,MAX(0,(Processing_data!$K$20-Processing_data!$AL$20)/(Processing_data!$AJ$20-Processing_data!$AL$20)))) -> 0.55503306 | S9: =AVERAGE(B9:D9) -> 0.49672854 | T9: =AVERAGE(E9:F9) -> 0.37493442 | U9: =AVERAGE(G9:I9) -> 0.58396304 | V9: =AVERAGE(J9:K9) -> 0.57098036 | W9: =AVERAGE(L9:N9) -> 0.73431341 | X9: =AVERAGE(O9:P9) -> 0.25770257 | Y9: =AVERAGE(Q9:R9) -> 0.45619029 | Z9: =AVERAGE(S9:W9) -> 0.55218395 | AA9: =MIN(S9:W9) -> 0.37493442 | AB9: =INDEX($S$3:$W$3,MATCH(AA9,S9:W9,0)) -> L1 | AC9: =1-alpha*MAX(0,delta-AA9) -> 0.99997377 | AD9: =Z9*AC9 -> 0.55216947 | AE9: =1+COUNTIF(bounds,"<"&ROUND(AD9,12)) -> 3 | AF9: =1+COUNTIF($AD$6:$AD$15,">"&AD9) -> 2
A10: SK | B10: =IF(Processing_data!$AG$4="","",MIN(1,MAX(0,(Processing_data!$AG$4-Processing_data!$AL$4)/(Processing_data!$AJ$4-Processing_data!$AL$4)))) -> 0.091382766 | C10: =IF(Processing_data!$AG$5="","",MIN(1,MAX(0,(Processing_data!$AG$5-Processing_data!$AL$5)/(Processing_data!$AJ$5-Processing_data!$AL$5)))) -> 0.47410148 | D10: =IF(Processing_data!$AG$6="","",MIN(1,MAX(0,(Processing_data!$AG$6-Processing_data!$AL$6)/(Processing_data!$AJ$6-Processing_data!$AL$6)))) -> 0.12620874 | E10: =IF(Processing_data!$AG$7="","",MIN(1,MAX(0,(Processing_data!$AG$7-Processing_data!$AL$7)/(Processing_data!$AJ$7-Processing_data!$AL$7)))) -> 0.12836569 | F10: =IF(Processing_data!$AG$8="","",MIN(1,MAX(0,(Processing_data!$AG$8-Processing_data!$AL$8)/(Processing_data!$AJ$8-Processing_data!$AL$8)))) -> 0.15761936 | G10: =IF(Processing_data!$AG$9="","",MIN(1,MAX(0,(Processing_data!$AG$9-Processing_data!$AL$9)/(Processing_data!$AJ$9-Processing_data!$AL$9)))) -> 0.60482336 | H10: =IF(Processing_data!$AG$10="","",MIN(1,MAX(0,(Processing_data!$AG$10-Processing_data!$AL$10)/(Processing_data!$AJ$10-Processing_data!$AL$10)))) -> 0.22294191 | I10: =IF(Processing_data!$AG$11="","",MIN(1,MAX(0,(Processing_data!$AG$11-Processing_data!$AL$11)/(Processing_data!$AJ$11-Processing_data!$AL$11)))) -> 0.63926596 | J10: =IF(Processing_data!$AG$12="","",MIN(1,MAX(0,(Processing_data!$AG$12-Processing_data!$AL$12)/(Processing_data!$AJ$12-Processing_data!$AL$12)))) -> 0 | K10: =IF(Processing_data!$AG$13="","",MIN(1,MAX(0,(Processing_data!$AG$13-Processing_data!$AL$13)/(Processing_data!$AJ$13-Processing_data!$AL$13)))) -> 0.39676181 | L10: =IF(Processing_data!$AG$14="","",MIN(1,MAX(0,(Processing_data!$AG$14-Processing_data!$AL$14)/(Processing_data!$AJ$14-Processing_data!$AL$14)))) -> 0.59152862 | M10: =IF(Processing_data!$AG$15="","",MIN(1,MAX(0,(Processing_data!$AG$15-Processing_data!$AL$15)/(Processing_data!$AJ$15-Processing_data!$AL$15)))) -> 0.5789916 | N10: =IF(Processing_data!$AG$16="","",MIN(1,MAX(0,(Processing_data!$AG$16-Processing_data!$AL$16)/(Processing_data!$AJ$16-Processing_data!$AL$16)))) -> 0.28641172 | O10: =IF(Processing_data!$AG$17="","",MIN(1,MAX(0,(Processing_data!$AG$17-Processing_data!$AL$17)/(Processing_data!$AJ$17-Processing_data!$AL$17)))) -> 0.26653625 | P10: =IF(Processing_data!$AG$18="","",MIN(1,MAX(0,(Processing_data!$AG$18-Processing_data!$AL$18)/(Processing_data!$AJ$18-Processing_data!$AL$18)))) -> 0 | Q10: =IF(Processing_data!$AG$19="","",MIN(1,MAX(0,(Processing_data!$AG$19-Processing_data!$AL$19)/(Processing_data!$AJ$19-Processing_data!$AL$19)))) -> 0.33851822 | R10: =IF(Processing_data!$AG$20="","",MIN(1,MAX(0,(Processing_data!$AG$20-Processing_data!$AL$20)/(Processing_data!$AJ$20-Processing_data!$AL$20)))) -> 0.36620132 | S10: =AVERAGE(B10:D10) -> 0.23056433 | T10: =AVERAGE(E10:F10) -> 0.14299252 | U10: =AVERAGE(G10:I10) -> 0.48901041 | V10: =AVERAGE(J10:K10) -> 0.1983809 | W10: =AVERAGE(L10:N10) -> 0.48564398 | X10: =AVERAGE(O10:P10) -> 0.13326813 | Y10: =AVERAGE(Q10:R10) -> 0.35235977 | Z10: =AVERAGE(S10:W10) -> 0.30931843 | AA10: =MIN(S10:W10) -> 0.14299252 | AB10: =INDEX($S$3:$W$3,MATCH(AA10,S10:W10,0)) -> L1 | AC10: =1-alpha*MAX(0,delta-AA10) -> 0.90719701 | AD10: =Z10*AC10 -> 0.28061275 | AE10: =1+COUNTIF(bounds,"<"&ROUND(AD10,12)) -> 2 | AF10: =1+COUNTIF($AD$6:$AD$15,">"&AD10) -> 6
A11: LT | B11: =IF(Processing_data!$W$4="","",MIN(1,MAX(0,(Processing_data!$W$4-Processing_data!$AL$4)/(Processing_data!$AJ$4-Processing_data!$AL$4)))) -> 0.85551102 | C11: =IF(Processing_data!$W$5="","",MIN(1,MAX(0,(Processing_data!$W$5-Processing_data!$AL$5)/(Processing_data!$AJ$5-Processing_data!$AL$5)))) -> 0.61310782 | D11: =IF(Processing_data!$W$6="","",MIN(1,MAX(0,(Processing_data!$W$6-Processing_data!$AL$6)/(Processing_data!$AJ$6-Processing_data!$AL$6)))) -> 0.4924975 | E11: =IF(Processing_data!$W$7="","",MIN(1,MAX(0,(Processing_data!$W$7-Processing_data!$AL$7)/(Processing_data!$AJ$7-Processing_data!$AL$7)))) -> 0.35190983 | F11: =IF(Processing_data!$W$8="","",MIN(1,MAX(0,(Processing_data!$W$8-Processing_data!$AL$8)/(Processing_data!$AJ$8-Processing_data!$AL$8)))) -> 0.28319163 | G11: =IF(Processing_data!$W$9="","",MIN(1,MAX(0,(Processing_data!$W$9-Processing_data!$AL$9)/(Processing_data!$AJ$9-Processing_data!$AL$9)))) -> 0.45610324 | H11: =IF(Processing_data!$W$10="","",MIN(1,MAX(0,(Processing_data!$W$10-Processing_data!$AL$10)/(Processing_data!$AJ$10-Processing_data!$AL$10)))) -> 1 | I11: =IF(Processing_data!$W$11="","",MIN(1,MAX(0,(Processing_data!$W$11-Processing_data!$AL$11)/(Processing_data!$AJ$11-Processing_data!$AL$11)))) -> 0.69607843 | J11: =IF(Processing_data!$W$12="","",MIN(1,MAX(0,(Processing_data!$W$12-Processing_data!$AL$12)/(Processing_data!$AJ$12-Processing_data!$AL$12)))) -> 0.95171298 | K11: =IF(Processing_data!$W$13="","",MIN(1,MAX(0,(Processing_data!$W$13-Processing_data!$AL$13)/(Processing_data!$AJ$13-Processing_data!$AL$13)))) -> 0.78300785 | L11: =IF(Processing_data!$W$14="","",MIN(1,MAX(0,(Processing_data!$W$14-Processing_data!$AL$14)/(Processing_data!$AJ$14-Processing_data!$AL$14)))) -> 0.96309499 | M11: =IF(Processing_data!$W$15="","",MIN(1,MAX(0,(Processing_data!$W$15-Processing_data!$AL$15)/(Processing_data!$AJ$15-Processing_data!$AL$15)))) -> 0.73277311 | N11: =IF(Processing_data!$W$16="","",MIN(1,MAX(0,(Processing_data!$W$16-Processing_data!$AL$16)/(Processing_data!$AJ$16-Processing_data!$AL$16)))) -> 0.78803906 | O11: =IF(Processing_data!$W$17="","",MIN(1,MAX(0,(Processing_data!$W$17-Processing_data!$AL$17)/(Processing_data!$AJ$17-Processing_data!$AL$17)))) -> 0.34062844 | P11: =IF(Processing_data!$W$18="","",MIN(1,MAX(0,(Processing_data!$W$18-Processing_data!$AL$18)/(Processing_data!$AJ$18-Processing_data!$AL$18)))) -> 0.86228956 | Q11: =IF(Processing_data!$W$19="","",MIN(1,MAX(0,(Processing_data!$W$19-Processing_data!$AL$19)/(Processing_data!$AJ$19-Processing_data!$AL$19)))) -> 0.58002456 | R11: =IF(Processing_data!$W$20="","",MIN(1,MAX(0,(Processing_data!$W$20-Processing_data!$AL$20)/(Processing_data!$AJ$20-Processing_data!$AL$20)))) -> 0.75635562 | S11: =AVERAGE(B11:D11) -> 0.65370545 | T11: =AVERAGE(E11:F11) -> 0.31755073 | U11: =AVERAGE(G11:I11) -> 0.71739389 | V11: =AVERAGE(J11:K11) -> 0.86736041 | W11: =AVERAGE(L11:N11) -> 0.82796905 | X11: =AVERAGE(O11:P11) -> 0.601459 | Y11: =AVERAGE(Q11:R11) -> 0.66819009 | Z11: =AVERAGE(S11:W11) -> 0.67679591 | AA11: =MIN(S11:W11) -> 0.31755073 | AB11: =INDEX($S$3:$W$3,MATCH(AA11,S11:W11,0)) -> L1 | AC11: =1-alpha*MAX(0,delta-AA11) -> 0.97702029 | AD11: =Z11*AC11 -> 0.66124333 | AE11: =1+COUNTIF(bounds,"<"&ROUND(AD11,12)) -> 4 | AF11: =1+COUNTIF($AD$6:$AD$15,">"&AD11) -> 1
A12: LV | B12: =IF(Processing_data!$Y$4="","",MIN(1,MAX(0,(Processing_data!$Y$4-Processing_data!$AL$4)/(Processing_data!$AJ$4-Processing_data!$AL$4)))) -> 0.57675351 | C12: =IF(Processing_data!$Y$5="","",MIN(1,MAX(0,(Processing_data!$Y$5-Processing_data!$AL$5)/(Processing_data!$AJ$5-Processing_data!$AL$5)))) -> 0.64217759 | D12: =IF(Processing_data!$Y$6="","",MIN(1,MAX(0,(Processing_data!$Y$6-Processing_data!$AL$6)/(Processing_data!$AJ$6-Processing_data!$AL$6)))) -> 0.74724908 | E12: =IF(Processing_data!$Y$7="","",MIN(1,MAX(0,(Processing_data!$Y$7-Processing_data!$AL$7)/(Processing_data!$AJ$7-Processing_data!$AL$7)))) -> 0.2536005 | F12: =IF(Processing_data!$Y$8="","",MIN(1,MAX(0,(Processing_data!$Y$8-Processing_data!$AL$8)/(Processing_data!$AJ$8-Processing_data!$AL$8)))) -> 0.10856769 | G12: =IF(Processing_data!$Y$9="","",MIN(1,MAX(0,(Processing_data!$Y$9-Processing_data!$AL$9)/(Processing_data!$AJ$9-Processing_data!$AL$9)))) -> 0.31288344 | H12: =IF(Processing_data!$Y$10="","",MIN(1,MAX(0,(Processing_data!$Y$10-Processing_data!$AL$10)/(Processing_data!$AJ$10-Processing_data!$AL$10)))) -> 0.57709987 | I12: =IF(Processing_data!$Y$11="","",MIN(1,MAX(0,(Processing_data!$Y$11-Processing_data!$AL$11)/(Processing_data!$AJ$11-Processing_data!$AL$11)))) -> 0.50125691 | J12: =IF(Processing_data!$Y$12="","",MIN(1,MAX(0,(Processing_data!$Y$12-Processing_data!$AL$12)/(Processing_data!$AJ$12-Processing_data!$AL$12)))) -> 0.84219045 | K12: =IF(Processing_data!$Y$13="","",MIN(1,MAX(0,(Processing_data!$Y$13-Processing_data!$AL$13)/(Processing_data!$AJ$13-Processing_data!$AL$13)))) -> 0.36805208 | L12: =IF(Processing_data!$Y$14="","",MIN(1,MAX(0,(Processing_data!$Y$14-Processing_data!$AL$14)/(Processing_data!$AJ$14-Processing_data!$AL$14)))) -> 0.57370518 | M12: =IF(Processing_data!$Y$15="","",MIN(1,MAX(0,(Processing_data!$Y$15-Processing_data!$AL$15)/(Processing_data!$AJ$15-Processing_data!$AL$15)))) -> 0.50117647 | N12: =IF(Processing_data!$Y$16="","",MIN(1,MAX(0,(Processing_data!$Y$16-Processing_data!$AL$16)/(Processing_data!$AJ$16-Processing_data!$AL$16)))) -> 0.26322213 | O12: =IF(Processing_data!$Y$17="","",MIN(1,MAX(0,(Processing_data!$Y$17-Processing_data!$AL$17)/(Processing_data!$AJ$17-Processing_data!$AL$17)))) -> 0.26983739 | P12: =IF(Processing_data!$Y$18="","",MIN(1,MAX(0,(Processing_data!$Y$18-Processing_data!$AL$18)/(Processing_data!$AJ$18-Processing_data!$AL$18)))) -> 0.43299663 | Q12: =IF(Processing_data!$Y$19="","",MIN(1,MAX(0,(Processing_data!$Y$19-Processing_data!$AL$19)/(Processing_data!$AJ$19-Processing_data!$AL$19)))) -> 0.39909947 | R12: =IF(Processing_data!$Y$20="","",MIN(1,MAX(0,(Processing_data!$Y$20-Processing_data!$AL$20)/(Processing_data!$AJ$20-Processing_data!$AL$20)))) -> 0.5241734 | S12: =AVERAGE(B12:D12) -> 0.65539339 | T12: =AVERAGE(E12:F12) -> 0.1810841 | U12: =AVERAGE(G12:I12) -> 0.46374674 | V12: =AVERAGE(J12:K12) -> 0.60512126 | W12: =AVERAGE(L12:N12) -> 0.44603459 | X12: =AVERAGE(O12:P12) -> 0.35141701 | Y12: =AVERAGE(Q12:R12) -> 0.46163643 | Z12: =AVERAGE(S12:W12) -> 0.47027602 | AA12: =MIN(S12:W12) -> 0.1810841 | AB12: =INDEX($S$3:$W$3,MATCH(AA12,S12:W12,0)) -> L1 | AC12: =1-alpha*MAX(0,delta-AA12) -> 0.92243364 | AD12: =Z12*AC12 -> 0.43379842 | AE12: =1+COUNTIF(bounds,"<"&ROUND(AD12,12)) -> 3 | AF12: =1+COUNTIF($AD$6:$AD$15,">"&AD12) -> 4
A13: EE | B13: =IF(Processing_data!$N$4="","",MIN(1,MAX(0,(Processing_data!$N$4-Processing_data!$AL$4)/(Processing_data!$AJ$4-Processing_data!$AL$4)))) -> 0.41503006 | C13: =IF(Processing_data!$N$5="","",MIN(1,MAX(0,(Processing_data!$N$5-Processing_data!$AL$5)/(Processing_data!$AJ$5-Processing_data!$AL$5)))) -> 0.51268499 | D13: =IF(Processing_data!$N$6="","",MIN(1,MAX(0,(Processing_data!$N$6-Processing_data!$AL$6)/(Processing_data!$AJ$6-Processing_data!$AL$6)))) -> 0.57135712 | E13: =IF(Processing_data!$N$7="","",MIN(1,MAX(0,(Processing_data!$N$7-Processing_data!$AL$7)/(Processing_data!$AJ$7-Processing_data!$AL$7)))) -> 0.15153413 | F13: =IF(Processing_data!$N$8="","",MIN(1,MAX(0,(Processing_data!$N$8-Processing_data!$AL$8)/(Processing_data!$AJ$8-Processing_data!$AL$8)))) -> 0.43427077 | G13: =IF(Processing_data!$N$9="","",MIN(1,MAX(0,(Processing_data!$N$9-Processing_data!$AL$9)/(Processing_data!$AJ$9-Processing_data!$AL$9)))) -> 0.56864819 | H13: =IF(Processing_data!$N$10="","",MIN(1,MAX(0,(Processing_data!$N$10-Processing_data!$AL$10)/(Processing_data!$AJ$10-Processing_data!$AL$10)))) -> 0.65921438 | I13: =IF(Processing_data!$N$11="","",MIN(1,MAX(0,(Processing_data!$N$11-Processing_data!$AL$11)/(Processing_data!$AJ$11-Processing_data!$AL$11)))) -> 0.38360985 | J13: =IF(Processing_data!$N$12="","",MIN(1,MAX(0,(Processing_data!$N$12-Processing_data!$AL$12)/(Processing_data!$AJ$12-Processing_data!$AL$12)))) -> 0.72430537 | K13: =IF(Processing_data!$N$13="","",MIN(1,MAX(0,(Processing_data!$N$13-Processing_data!$AL$13)/(Processing_data!$AJ$13-Processing_data!$AL$13)))) -> 0.90869638 | L13: =IF(Processing_data!$N$14="","",MIN(1,MAX(0,(Processing_data!$N$14-Processing_data!$AL$14)/(Processing_data!$AJ$14-Processing_data!$AL$14)))) -> 0.68043615 | M13: =IF(Processing_data!$N$15="","",MIN(1,MAX(0,(Processing_data!$N$15-Processing_data!$AL$15)/(Processing_data!$AJ$15-Processing_data!$AL$15)))) -> 0.52941176 | N13: =IF(Processing_data!$N$16="","",MIN(1,MAX(0,(Processing_data!$N$16-Processing_data!$AL$16)/(Processing_data!$AJ$16-Processing_data!$AL$16)))) -> 0.19283971 | O13: =IF(Processing_data!$N$17="","",MIN(1,MAX(0,(Processing_data!$N$17-Processing_data!$AL$17)/(Processing_data!$AJ$17-Processing_data!$AL$17)))) -> 0.76109549 | P13: =IF(Processing_data!$N$18="","",MIN(1,MAX(0,(Processing_data!$N$18-Processing_data!$AL$18)/(Processing_data!$AJ$18-Processing_data!$AL$18)))) -> 0.44545455 | Q13: =IF(Processing_data!$N$19="","",MIN(1,MAX(0,(Processing_data!$N$19-Processing_data!$AL$19)/(Processing_data!$AJ$19-Processing_data!$AL$19)))) -> 0.58862055 | R13: =IF(Processing_data!$N$20="","",MIN(1,MAX(0,(Processing_data!$N$20-Processing_data!$AL$20)/(Processing_data!$AJ$20-Processing_data!$AL$20)))) -> 0.63335783 | S13: =AVERAGE(B13:D13) -> 0.49969072 | T13: =AVERAGE(E13:F13) -> 0.29290245 | U13: =AVERAGE(G13:I13) -> 0.53715747 | V13: =AVERAGE(J13:K13) -> 0.81650087 | W13: =AVERAGE(L13:N13) -> 0.46756254 | X13: =AVERAGE(O13:P13) -> 0.60327502 | Y13: =AVERAGE(Q13:R13) -> 0.61098919 | Z13: =AVERAGE(S13:W13) -> 0.52276281 | AA13: =MIN(S13:W13) -> 0.29290245 | AB13: =INDEX($S$3:$W$3,MATCH(AA13,S13:W13,0)) -> L1 | AC13: =1-alpha*MAX(0,delta-AA13) -> 0.96716098 | AD13: =Z13*AC13 -> 0.50559579 | AE13: =1+COUNTIF(bounds,"<"&ROUND(AD13,12)) -> 3 | AF13: =1+COUNTIF($AD$6:$AD$15,">"&AD13) -> 3
A14: BG | B14: =IF(Processing_data!$I$4="","",MIN(1,MAX(0,(Processing_data!$I$4-Processing_data!$AL$4)/(Processing_data!$AJ$4-Processing_data!$AL$4)))) -> 0.085571142 | C14: =IF(Processing_data!$I$5="","",MIN(1,MAX(0,(Processing_data!$I$5-Processing_data!$AL$5)/(Processing_data!$AJ$5-Processing_data!$AL$5)))) -> 0.1627907 | D14: =IF(Processing_data!$I$6="","",MIN(1,MAX(0,(Processing_data!$I$6-Processing_data!$AL$6)/(Processing_data!$AJ$6-Processing_data!$AL$6)))) -> 0 | E14: =IF(Processing_data!$I$7="","",MIN(1,MAX(0,(Processing_data!$I$7-Processing_data!$AL$7)/(Processing_data!$AJ$7-Processing_data!$AL$7)))) -> 0 | F14: =IF(Processing_data!$I$8="","",MIN(1,MAX(0,(Processing_data!$I$8-Processing_data!$AL$8)/(Processing_data!$AJ$8-Processing_data!$AL$8)))) -> 0 | G14: =IF(Processing_data!$I$9="","",MIN(1,MAX(0,(Processing_data!$I$9-Processing_data!$AL$9)/(Processing_data!$AJ$9-Processing_data!$AL$9)))) -> 0.096467104 | H14: =IF(Processing_data!$I$10="","",MIN(1,MAX(0,(Processing_data!$I$10-Processing_data!$AL$10)/(Processing_data!$AJ$10-Processing_data!$AL$10)))) -> 0.086502298 | I14: =IF(Processing_data!$I$11="","",MIN(1,MAX(0,(Processing_data!$I$11-Processing_data!$AL$11)/(Processing_data!$AJ$11-Processing_data!$AL$11)))) -> 0.12996481 | J14: =IF(Processing_data!$I$12="","",MIN(1,MAX(0,(Processing_data!$I$12-Processing_data!$AL$12)/(Processing_data!$AJ$12-Processing_data!$AL$12)))) -> 0.36903156 | K14: =IF(Processing_data!$I$13="","",MIN(1,MAX(0,(Processing_data!$I$13-Processing_data!$AL$13)/(Processing_data!$AJ$13-Processing_data!$AL$13)))) -> 0 | L14: =IF(Processing_data!$I$14="","",MIN(1,MAX(0,(Processing_data!$I$14-Processing_data!$AL$14)/(Processing_data!$AJ$14-Processing_data!$AL$14)))) -> 0.0052421891 | M14: =IF(Processing_data!$I$15="","",MIN(1,MAX(0,(Processing_data!$I$15-Processing_data!$AL$15)/(Processing_data!$AJ$15-Processing_data!$AL$15)))) -> 0.12840336 | N14: =IF(Processing_data!$I$16="","",MIN(1,MAX(0,(Processing_data!$I$16-Processing_data!$AL$16)/(Processing_data!$AJ$16-Processing_data!$AL$16)))) -> 0 | O14: =IF(Processing_data!$I$17="","",MIN(1,MAX(0,(Processing_data!$I$17-Processing_data!$AL$17)/(Processing_data!$AJ$17-Processing_data!$AL$17)))) -> 0.046460447 | P14: =IF(Processing_data!$I$18="","",MIN(1,MAX(0,(Processing_data!$I$18-Processing_data!$AL$18)/(Processing_data!$AJ$18-Processing_data!$AL$18)))) -> 0.036026936 | Q14: =IF(Processing_data!$I$19="","",MIN(1,MAX(0,(Processing_data!$I$19-Processing_data!$AL$19)/(Processing_data!$AJ$19-Processing_data!$AL$19)))) -> 0.10929185 | R14: =IF(Processing_data!$I$20="","",MIN(1,MAX(0,(Processing_data!$I$20-Processing_data!$AL$20)/(Processing_data!$AJ$20-Processing_data!$AL$20)))) -> 0 | S14: =AVERAGE(B14:D14) -> 0.08278728 | T14: =AVERAGE(E14:F14) -> 0 | U14: =AVERAGE(G14:I14) -> 0.1043114 | V14: =AVERAGE(J14:K14) -> 0.18451578 | W14: =AVERAGE(L14:N14) -> 0.044548517 | X14: =AVERAGE(O14:P14) -> 0.041243692 | Y14: =AVERAGE(Q14:R14) -> 0.054645927 | Z14: =AVERAGE(S14:W14) -> 0.083232596 | AA14: =MIN(S14:W14) -> 0 | AB14: =INDEX($S$3:$W$3,MATCH(AA14,S14:W14,0)) -> L1 | AC14: =1-alpha*MAX(0,delta-AA14) -> 0.85 | AD14: =Z14*AC14 -> 0.070747707 | AE14: =1+COUNTIF(bounds,"<"&ROUND(AD14,12)) -> 1 | AF14: =1+COUNTIF($AD$6:$AD$15,">"&AD14) -> 10
A15: UA | B15: =IF(Processing_data!$AI$4="","",MIN(1,MAX(0,(Processing_data!$AI$4-Processing_data!$AL$4)/(Processing_data!$AJ$4-Processing_data!$AL$4)))) -> 0.077755511 | C15: =IF(Processing_data!$AI$5="","",MIN(1,MAX(0,(Processing_data!$AI$5-Processing_data!$AL$5)/(Processing_data!$AJ$5-Processing_data!$AL$5)))) -> 0 | D15: =IF(Processing_data!$AI$6="","",MIN(1,MAX(0,(Processing_data!$AI$6-Processing_data!$AL$6)/(Processing_data!$AJ$6-Processing_data!$AL$6)))) -> 0.02384128 | E15: =IF(Processing_data!$AI$7="","",MIN(1,MAX(0,(Processing_data!$AI$7-Processing_data!$AL$7)/(Processing_data!$AJ$7-Processing_data!$AL$7)))) -> 0.18096431 | F15: =IF(Processing_data!$AI$8="","",MIN(1,MAX(0,(Processing_data!$AI$8-Processing_data!$AL$8)/(Processing_data!$AJ$8-Processing_data!$AL$8)))) -> 0.10431655 | G15: =IF(Processing_data!$AI$9="","",MIN(1,MAX(0,(Processing_data!$AI$9-Processing_data!$AL$9)/(Processing_data!$AJ$9-Processing_data!$AL$9)))) -> 0.55108949 | H15: =IF(Processing_data!$AI$10="","",MIN(1,MAX(0,(Processing_data!$AI$10-Processing_data!$AL$10)/(Processing_data!$AJ$10-Processing_data!$AL$10)))) -> 0.053907229 | I15: =IF(Processing_data!$AI$11="","",MIN(1,MAX(0,(Processing_data!$AI$11-Processing_data!$AL$11)/(Processing_data!$AJ$11-Processing_data!$AL$11)))) -> 0 | J15: =IF(Processing_data!$AI$12="","",MIN(1,MAX(0,(Processing_data!$AI$12-Processing_data!$AL$12)/(Processing_data!$AJ$12-Processing_data!$AL$12)))) -> 0 | K15: =IF(Processing_data!$AI$13="","",MIN(1,MAX(0,(Processing_data!$AI$13-Processing_data!$AL$13)/(Processing_data!$AJ$13-Processing_data!$AL$13)))) -> 0.09313971 | L15: =IF(Processing_data!$AI$14="","",MIN(1,MAX(0,(Processing_data!$AI$14-Processing_data!$AL$14)/(Processing_data!$AJ$14-Processing_data!$AL$14)))) -> 0.048018453 | M15: =IF(Processing_data!$AI$15="","",MIN(1,MAX(0,(Processing_data!$AI$15-Processing_data!$AL$15)/(Processing_data!$AJ$15-Processing_data!$AL$15)))) -> 0.084537815 | N15: =IF(Processing_data!$AI$16="","",MIN(1,MAX(0,(Processing_data!$AI$16-Processing_data!$AL$16)/(Processing_data!$AJ$16-Processing_data!$AL$16)))) -> 0.009357201 | O15: =IF(Processing_data!$AI$17="","",MIN(1,MAX(0,(Processing_data!$AI$17-Processing_data!$AL$17)/(Processing_data!$AJ$17-Processing_data!$AL$17)))) -> 0.26494682 | P15: =IF(Processing_data!$AI$18="","",MIN(1,MAX(0,(Processing_data!$AI$18-Processing_data!$AL$18)/(Processing_data!$AJ$18-Processing_data!$AL$18)))) -> 0.050505051 | Q15: =IF(Processing_data!$AI$19="","",MIN(1,MAX(0,(Processing_data!$AI$19-Processing_data!$AL$19)/(Processing_data!$AJ$19-Processing_data!$AL$19)))) -> 0.12075317 | R15: =IF(Processing_data!$AI$20="","",MIN(1,MAX(0,(Processing_data!$AI$20-Processing_data!$AL$20)/(Processing_data!$AJ$20-Processing_data!$AL$20)))) -> 0 | S15: =AVERAGE(B15:D15) -> 0.033865597 | T15: =AVERAGE(E15:F15) -> 0.14264043 | U15: =AVERAGE(G15:I15) -> 0.20166557 | V15: =AVERAGE(J15:K15) -> 0.046569855 | W15: =AVERAGE(L15:N15) -> 0.04730449 | X15: =AVERAGE(O15:P15) -> 0.15772593 | Y15: =AVERAGE(Q15:R15) -> 0.060376586 | Z15: =AVERAGE(S15:W15) -> 0.094409188 | AA15: =MIN(S15:W15) -> 0.033865597 | AB15: =INDEX($S$3:$W$3,MATCH(AA15,S15:W15,0)) -> C | AC15: =1-alpha*MAX(0,delta-AA15) -> 0.86354624 | AD15: =Z15*AC15 -> 0.081526699 | AE15: =1+COUNTIF(bounds,"<"&ROUND(AD15,12)) -> 1 | AF15: =1+COUNTIF($AD$6:$AD$15,">"&AD15) -> 9
A18: Spearman, leader vs min-max ranking | B18: =1-6*SUMPRODUCT((Processing_index!$AF$6:$AF$15-$AF$6:$AF$15)^2)/(10*(10^2-1)) -> 1

Sheet Sensitivity
A1: Sensitivity of the ADMI ranking (nine CEE countries + Ukraine) to the decisions of the method
A3: Penalty alpha (yellow cells may be changed)
D4: 0 | F4: 0.2 | H4: 0.4 | J4: 0.6 | L4: 0.8 | N4: 1
A5: Unit | B5: ADMI_base | C5: DM_min | D5: ADMI | E5: Rank | F5: ADMI | G5: Rank | H5: ADMI | I5: Rank | J5: ADMI | K5: Rank | L5: ADMI | M5: Rank | N5: ADMI | O5: Rank
A6: PL | B6: =Processing_index!$Z$6 -> 0.54346747 | C6: =Processing_index!$AA$6 -> 0.34867748 | D6: =$B6*(1-D$4*MAX(0,delta-$C6)) -> 0.54346747 | E6: =1+COUNTIF($D$6:$D$15,">"&D6) -> 5 | F6: =$B6*(1-F$4*MAX(0,delta-$C6)) -> 0.54060638 | G6: =1+COUNTIF($F$6:$F$15,">"&F6) -> 5 | H6: =$B6*(1-H$4*MAX(0,delta-$C6)) -> 0.53774529 | I6: =1+COUNTIF($H$6:$H$15,">"&H6) -> 5 | J6: =$B6*(1-J$4*MAX(0,delta-$C6)) -> 0.5348842 | K6: =1+COUNTIF($J$6:$J$15,">"&J6) -> 4 | L6: =$B6*(1-L$4*MAX(0,delta-$C6)) -> 0.53202312 | M6: =1+COUNTIF($L$6:$L$15,">"&L6) -> 4 | N6: =$B6*(1-N$4*MAX(0,delta-$C6)) -> 0.52916203 | O6: =1+COUNTIF($N$6:$N$15,">"&N6) -> 4
A7: HU | B7: =Processing_index!$Z$7 -> 0.44130743 | C7: =Processing_index!$AA$7 -> 0.29262275 | D7: =$B7*(1-D$4*MAX(0,delta-$C7)) -> 0.44130743 | E7: =1+COUNTIF($D$6:$D$15,">"&D7) -> 7 | F7: =$B7*(1-F$4*MAX(0,delta-$C7)) -> 0.43403669 | G7: =1+COUNTIF($F$6:$F$15,">"&F7) -> 7 | H7: =$B7*(1-H$4*MAX(0,delta-$C7)) -> 0.42676595 | I7: =1+COUNTIF($H$6:$H$15,">"&H7) -> 7 | J7: =$B7*(1-J$4*MAX(0,delta-$C7)) -> 0.41949521 | K7: =1+COUNTIF($J$6:$J$15,">"&J7) -> 7 | L7: =$B7*(1-L$4*MAX(0,delta-$C7)) -> 0.41222448 | M7: =1+COUNTIF($L$6:$L$15,">"&L7) -> 7 | N7: =$B7*(1-N$4*MAX(0,delta-$C7)) -> 0.40495374 | O7: =1+COUNTIF($N$6:$N$15,">"&N7) -> 7
A8: RO | B8: =Processing_index!$Z$8 -> 0.38101875 | C8: =Processing_index!$AA$8 -> 0.24148819 | D8: =$B8*(1-D$4*MAX(0,delta-$C8)) -> 0.38101875 | E8: =1+COUNTIF($D$6:$D$15,">"&D8) -> 8 | F8: =$B8*(1-F$4*MAX(0,delta-$C8)) -> 0.37084465 | G8: =1+COUNTIF($F$6:$F$15,">"&F8) -> 8 | H8: =$B8*(1-H$4*MAX(0,delta-$C8)) -> 0.36067055 | I8: =1+COUNTIF($H$6:$H$15,">"&H8) -> 8 | J8: =$B8*(1-J$4*MAX(0,delta-$C8)) -> 0.35049644 | K8: =1+COUNTIF($J$6:$J$15,">"&J8) -> 8 | L8: =$B8*(1-L$4*MAX(0,delta-$C8)) -> 0.34032234 | M8: =1+COUNTIF($L$6:$L$15,">"&L8) -> 8 | N8: =$B8*(1-N$4*MAX(0,delta-$C8)) -> 0.33014824 | O8: =1+COUNTIF($N$6:$N$15,">"&N8) -> 8
A9: CZ | B9: =Processing_index!$Z$9 -> 0.64280316 | C9: =Processing_index!$AA$9 -> 0.44228905 | D9: =$B9*(1-D$4*MAX(0,delta-$C9)) -> 0.64280316 | E9: =1+COUNTIF($D$6:$D$15,">"&D9) -> 2 | F9: =$B9*(1-F$4*MAX(0,delta-$C9)) -> 0.64280316 | G9: =1+COUNTIF($F$6:$F$15,">"&F9) -> 2 | H9: =$B9*(1-H$4*MAX(0,delta-$C9)) -> 0.64280316 | I9: =1+COUNTIF($H$6:$H$15,">"&H9) -> 2 | J9: =$B9*(1-J$4*MAX(0,delta-$C9)) -> 0.64280316 | K9: =1+COUNTIF($J$6:$J$15,">"&J9) -> 2 | L9: =$B9*(1-L$4*MAX(0,delta-$C9)) -> 0.64280316 | M9: =1+COUNTIF($L$6:$L$15,">"&L9) -> 2 | N9: =$B9*(1-N$4*MAX(0,delta-$C9)) -> 0.64280316 | O9: =1+COUNTIF($N$6:$N$15,">"&N9) -> 2
A10: SK | B10: =Processing_index!$Z$10 -> 0.47229046 | C10: =Processing_index!$AA$10 -> 0.23499113 | D10: =$B10*(1-D$4*MAX(0,delta-$C10)) -> 0.47229046 | E10: =1+COUNTIF($D$6:$D$15,">"&D10) -> 6 | F10: =$B10*(1-F$4*MAX(0,delta-$C10)) -> 0.45906549 | G10: =1+COUNTIF($F$6:$F$15,">"&F10) -> 6 | H10: =$B10*(1-H$4*MAX(0,delta-$C10)) -> 0.44584052 | I10: =1+COUNTIF($H$6:$H$15,">"&H10) -> 6 | J10: =$B10*(1-J$4*MAX(0,delta-$C10)) -> 0.43261555 | K10: =1+COUNTIF($J$6:$J$15,">"&J10) -> 6 | L10: =$B10*(1-L$4*MAX(0,delta-$C10)) -> 0.41939058 | M10: =1+COUNTIF($L$6:$L$15,">"&L10) -> 6 | N10: =$B10*(1-N$4*MAX(0,delta-$C10)) -> 0.40616561 | O10: =1+COUNTIF($N$6:$N$15,">"&N10) -> 6
A11: LT | B11: =Processing_index!$Z$11 -> 0.72440083 | C11: =Processing_index!$AA$11 -> 0.39037289 | D11: =$B11*(1-D$4*MAX(0,delta-$C11)) -> 0.72440083 | E11: =1+COUNTIF($D$6:$D$15,">"&D11) -> 1 | F11: =$B11*(1-F$4*MAX(0,delta-$C11)) -> 0.72440083 | G11: =1+COUNTIF($F$6:$F$15,">"&F11) -> 1 | H11: =$B11*(1-H$4*MAX(0,delta-$C11)) -> 0.72440083 | I11: =1+COUNTIF($H$6:$H$15,">"&H11) -> 1 | J11: =$B11*(1-J$4*MAX(0,delta-$C11)) -> 0.72440083 | K11: =1+COUNTIF($J$6:$J$15,">"&J11) -> 1 | L11: =$B11*(1-L$4*MAX(0,delta-$C11)) -> 0.72440083 | M11: =1+COUNTIF($L$6:$L$15,">"&L11) -> 1 | N11: =$B11*(1-N$4*MAX(0,delta-$C11)) -> 0.72440083 | O11: =1+COUNTIF($N$6:$N$15,">"&N11) -> 1
A12: LV | B12: =Processing_index!$Z$12 -> 0.5680433 | C12: =Processing_index!$AA$12 -> 0.26817045 | D12: =$B12*(1-D$4*MAX(0,delta-$C12)) -> 0.5680433 | E12: =1+COUNTIF($D$6:$D$15,">"&D12) -> 4 | F12: =$B12*(1-F$4*MAX(0,delta-$C12)) -> 0.55590654 | G12: =1+COUNTIF($F$6:$F$15,">"&F12) -> 4 | H12: =$B12*(1-H$4*MAX(0,delta-$C12)) -> 0.54376978 | I12: =1+COUNTIF($H$6:$H$15,">"&H12) -> 4 | J12: =$B12*(1-J$4*MAX(0,delta-$C12)) -> 0.53163302 | K12: =1+COUNTIF($J$6:$J$15,">"&J12) -> 5 | L12: =$B12*(1-L$4*MAX(0,delta-$C12)) -> 0.51949625 | M12: =1+COUNTIF($L$6:$L$15,">"&L12) -> 5 | N12: =$B12*(1-N$4*MAX(0,delta-$C12)) -> 0.50735949 | O12: =1+COUNTIF($N$6:$N$15,">"&N12) -> 5
A13: EE | B13: =Processing_index!$Z$13 -> 0.61869776 | C13: =Processing_index!$AA$13 -> 0.37003902 | D13: =$B13*(1-D$4*MAX(0,delta-$C13)) -> 0.61869776 | E13: =1+COUNTIF($D$6:$D$15,">"&D13) -> 3 | F13: =$B13*(1-F$4*MAX(0,delta-$C13)) -> 0.61808389 | G13: =1+COUNTIF($F$6:$F$15,">"&F13) -> 3 | H13: =$B13*(1-H$4*MAX(0,delta-$C13)) -> 0.61747002 | I13: =1+COUNTIF($H$6:$H$15,">"&H13) -> 3 | J13: =$B13*(1-J$4*MAX(0,delta-$C13)) -> 0.61685615 | K13: =1+COUNTIF($J$6:$J$15,">"&J13) -> 3 | L13: =$B13*(1-L$4*MAX(0,delta-$C13)) -> 0.61624228 | M13: =1+COUNTIF($L$6:$L$15,">"&L13) -> 3 | N13: =$B13*(1-N$4*MAX(0,delta-$C13)) -> 0.61562841 | O13: =1+COUNTIF($N$6:$N$15,">"&N13) -> 3
A14: BG | B14: =Processing_index!$Z$14 -> 0.2738954 | C14: =Processing_index!$AA$14 -> 0.10718623 | D14: =$B14*(1-D$4*MAX(0,delta-$C14)) -> 0.2738954 | E14: =1+COUNTIF($D$6:$D$15,">"&D14) -> 10 | F14: =$B14*(1-F$4*MAX(0,delta-$C14)) -> 0.25922481 | G14: =1+COUNTIF($F$6:$F$15,">"&F14) -> 10 | H14: =$B14*(1-H$4*MAX(0,delta-$C14)) -> 0.24455422 | I14: =1+COUNTIF($H$6:$H$15,">"&H14) -> 10 | J14: =$B14*(1-J$4*MAX(0,delta-$C14)) -> 0.22988363 | K14: =1+COUNTIF($J$6:$J$15,">"&J14) -> 10 | L14: =$B14*(1-L$4*MAX(0,delta-$C14)) -> 0.21521303 | M14: =1+COUNTIF($L$6:$L$15,">"&L14) -> 10 | N14: =$B14*(1-N$4*MAX(0,delta-$C14)) -> 0.20054244 | O14: =1+COUNTIF($N$6:$N$15,">"&N14) -> 10
A15: UA | B15: =Processing_index!$Z$15 -> 0.28916214 | C15: =Processing_index!$AA$15 -> 0.17392267 | D15: =$B15*(1-D$4*MAX(0,delta-$C15)) -> 0.28916214 | E15: =1+COUNTIF($D$6:$D$15,">"&D15) -> 9 | F15: =$B15*(1-F$4*MAX(0,delta-$C15)) -> 0.27753335 | G15: =1+COUNTIF($F$6:$F$15,">"&F15) -> 9 | H15: =$B15*(1-H$4*MAX(0,delta-$C15)) -> 0.26590456 | I15: =1+COUNTIF($H$6:$H$15,">"&H15) -> 9 | J15: =$B15*(1-J$4*MAX(0,delta-$C15)) -> 0.25427577 | K15: =1+COUNTIF($J$6:$J$15,">"&J15) -> 9 | L15: =$B15*(1-L$4*MAX(0,delta-$C15)) -> 0.24264698 | M15: =1+COUNTIF($L$6:$L$15,">"&L15) -> 9 | N15: =$B15*(1-N$4*MAX(0,delta-$C15)) -> 0.23101819 | O15: =1+COUNTIF($N$6:$N$15,">"&N15) -> 9
A16: Spearman with baseline | E16: =1-6*SUMPRODUCT((Processing_index!$AF$6:$AF$15-$E$6:$E$15)^2)/(10*(10^2-1)) -> 1 | G16: =1-6*SUMPRODUCT((Processing_index!$AF$6:$AF$15-$G$6:$G$15)^2)/(10*(10^2-1)) -> 1 | I16: =1-6*SUMPRODUCT((Processing_index!$AF$6:$AF$15-$I$6:$I$15)^2)/(10*(10^2-1)) -> 1 | K16: =1-6*SUMPRODUCT((Processing_index!$AF$6:$AF$15-$K$6:$K$15)^2)/(10*(10^2-1)) -> 0.98787879 | M16: =1-6*SUMPRODUCT((Processing_index!$AF$6:$AF$15-$M$6:$M$15)^2)/(10*(10^2-1)) -> 0.98787879 | O16: =1-6*SUMPRODUCT((Processing_index!$AF$6:$AF$15-$O$6:$O$15)^2)/(10*(10^2-1)) -> 0.98787879
A17: Units whose rank changed | E17: =SUMPRODUCT(--(Processing_index!$AF$6:$AF$15<>$E$6:$E$15)) -> 0 | G17: =SUMPRODUCT(--(Processing_index!$AF$6:$AF$15<>$G$6:$G$15)) -> 0 | I17: =SUMPRODUCT(--(Processing_index!$AF$6:$AF$15<>$I$6:$I$15)) -> 0 | K17: =SUMPRODUCT(--(Processing_index!$AF$6:$AF$15<>$K$6:$K$15)) -> 2 | M17: =SUMPRODUCT(--(Processing_index!$AF$6:$AF$15<>$M$6:$M$15)) -> 2 | O17: =SUMPRODUCT(--(Processing_index!$AF$6:$AF$15<>$O$6:$O$15)) -> 2
A21: Penalty delta (yellow cells may be changed)
D22: 0.25 | F22: 0.3 | H22: 0.375 | J22: 0.45 | L22: 0.55
A23: Unit | B23: ADMI_base | C23: DM_min | D23: ADMI | E23: Rank | F23: ADMI | G23: Rank | H23: ADMI | I23: Rank | J23: ADMI | K23: Rank | L23: ADMI | M23: Rank
A24: PL | B24: =Processing_index!$Z$6 -> 0.54346747 | C24: =Processing_index!$AA$6 -> 0.34867748 | D24: =$B24*(1-alpha*MAX(0,D$22-$C24)) -> 0.54346747 | E24: =1+COUNTIF($D$24:$D$33,">"&D24) -> 5 | F24: =$B24*(1-alpha*MAX(0,F$22-$C24)) -> 0.54346747 | G24: =1+COUNTIF($F$24:$F$33,">"&F24) -> 5 | H24: =$B24*(1-alpha*MAX(0,H$22-$C24)) -> 0.53774529 | I24: =1+COUNTIF($H$24:$H$33,">"&H24) -> 5 | J24: =$B24*(1-alpha*MAX(0,J$22-$C24)) -> 0.52144127 | K24: =1+COUNTIF($J$24:$J$33,">"&J24) -> 5 | L24: =$B24*(1-alpha*MAX(0,L$22-$C24)) -> 0.49970257 | M24: =1+COUNTIF($L$24:$L$33,">"&L24) -> 5
A25: HU | B25: =Processing_index!$Z$7 -> 0.44130743 | C25: =Processing_index!$AA$7 -> 0.29262275 | D25: =$B25*(1-alpha*MAX(0,D$22-$C25)) -> 0.44130743 | E25: =1+COUNTIF($D$24:$D$33,">"&D25) -> 7 | F25: =$B25*(1-alpha*MAX(0,F$22-$C25)) -> 0.44000518 | G25: =1+COUNTIF($F$24:$F$33,">"&F25) -> 7 | H25: =$B25*(1-alpha*MAX(0,H$22-$C25)) -> 0.42676595 | I25: =1+COUNTIF($H$24:$H$33,">"&H25) -> 7 | J25: =$B25*(1-alpha*MAX(0,J$22-$C25)) -> 0.41352673 | K25: =1+COUNTIF($J$24:$J$33,">"&J25) -> 7 | L25: =$B25*(1-alpha*MAX(0,L$22-$C25)) -> 0.39587443 | M25: =1+COUNTIF($L$24:$L$33,">"&L25) -> 7
A26: RO | B26: =Processing_index!$Z$8 -> 0.38101875 | C26: =Processing_index!$AA$8 -> 0.24148819 | D26: =$B26*(1-alpha*MAX(0,D$22-$C26)) -> 0.37972148 | E26: =1+COUNTIF($D$24:$D$33,">"&D26) -> 8 | F26: =$B26*(1-alpha*MAX(0,F$22-$C26)) -> 0.37210111 | G26: =1+COUNTIF($F$24:$F$33,">"&F26) -> 8 | H26: =$B26*(1-alpha*MAX(0,H$22-$C26)) -> 0.36067055 | I26: =1+COUNTIF($H$24:$H$33,">"&H26) -> 8 | J26: =$B26*(1-alpha*MAX(0,J$22-$C26)) -> 0.34923998 | K26: =1+COUNTIF($J$24:$J$33,">"&J26) -> 8 | L26: =$B26*(1-alpha*MAX(0,L$22-$C26)) -> 0.33399923 | M26: =1+COUNTIF($L$24:$L$33,">"&L26) -> 8
A27: CZ | B27: =Processing_index!$Z$9 -> 0.64280316 | C27: =Processing_index!$AA$9 -> 0.44228905 | D27: =$B27*(1-alpha*MAX(0,D$22-$C27)) -> 0.64280316 | E27: =1+COUNTIF($D$24:$D$33,">"&D27) -> 2 | F27: =$B27*(1-alpha*MAX(0,F$22-$C27)) -> 0.64280316 | G27: =1+COUNTIF($F$24:$F$33,">"&F27) -> 2 | H27: =$B27*(1-alpha*MAX(0,H$22-$C27)) -> 0.64280316 | I27: =1+COUNTIF($H$24:$H$33,">"&H27) -> 2 | J27: =$B27*(1-alpha*MAX(0,J$22-$C27)) -> 0.64082051 | K27: =1+COUNTIF($J$24:$J$33,">"&J27) -> 2 | L27: =$B27*(1-alpha*MAX(0,L$22-$C27)) -> 0.61510839 | M27: =1+COUNTIF($L$24:$L$33,">"&L27) -> 2
A28: SK | B28: =Processing_index!$Z$10 -> 0.47229046 | C28: =Processing_index!$AA$10 -> 0.23499113 | D28: =$B28*(1-alpha*MAX(0,D$22-$C28)) -> 0.46945504 | E28: =1+COUNTIF($D$24:$D$33,">"&D28) -> 6 | F28: =$B28*(1-alpha*MAX(0,F$22-$C28)) -> 0.46000923 | G28: =1+COUNTIF($F$24:$F$33,">"&F28) -> 6 | H28: =$B28*(1-alpha*MAX(0,H$22-$C28)) -> 0.44584052 | I28: =1+COUNTIF($H$24:$H$33,">"&H28) -> 6 | J28: =$B28*(1-alpha*MAX(0,J$22-$C28)) -> 0.4316718 | K28: =1+COUNTIF($J$24:$J$33,">"&J28) -> 6 | L28: =$B28*(1-alpha*MAX(0,L$22-$C28)) -> 0.41278019 | M28: =1+COUNTIF($L$24:$L$33,">"&L28) -> 6
A29: LT | B29: =Processing_index!$Z$11 -> 0.72440083 | C29: =Processing_index!$AA$11 -> 0.39037289 | D29: =$B29*(1-alpha*MAX(0,D$22-$C29)) -> 0.72440083 | E29: =1+COUNTIF($D$24:$D$33,">"&D29) -> 1 | F29: =$B29*(1-alpha*MAX(0,F$22-$C29)) -> 0.72440083 | G29: =1+COUNTIF($F$24:$F$33,">"&F29) -> 1 | H29: =$B29*(1-alpha*MAX(0,H$22-$C29)) -> 0.72440083 | I29: =1+COUNTIF($H$24:$H$33,">"&H29) -> 1 | J29: =$B29*(1-alpha*MAX(0,J$22-$C29)) -> 0.70712326 | K29: =1+COUNTIF($J$24:$J$33,">"&J29) -> 1 | L29: =$B29*(1-alpha*MAX(0,L$22-$C29)) -> 0.67814723 | M29: =1+COUNTIF($L$24:$L$33,">"&L29) -> 1
A30: LV | B30: =Processing_index!$Z$12 -> 0.5680433 | C30: =Processing_index!$AA$12 -> 0.26817045 | D30: =$B30*(1-alpha*MAX(0,D$22-$C30)) -> 0.5680433 | E30: =1+COUNTIF($D$24:$D$33,">"&D30) -> 4 | F30: =$B30*(1-alpha*MAX(0,F$22-$C30)) -> 0.56081108 | G30: =1+COUNTIF($F$24:$F$33,">"&F30) -> 4 | H30: =$B30*(1-alpha*MAX(0,H$22-$C30)) -> 0.54376978 | I30: =1+COUNTIF($H$24:$H$33,">"&H30) -> 4 | J30: =$B30*(1-alpha*MAX(0,J$22-$C30)) -> 0.52672848 | K30: =1+COUNTIF($J$24:$J$33,">"&J30) -> 4 | L30: =$B30*(1-alpha*MAX(0,L$22-$C30)) -> 0.50400675 | M30: =1+COUNTIF($L$24:$L$33,">"&L30) -> 4
A31: EE | B31: =Processing_index!$Z$13 -> 0.61869776 | C31: =Processing_index!$AA$13 -> 0.37003902 | D31: =$B31*(1-alpha*MAX(0,D$22-$C31)) -> 0.61869776 | E31: =1+COUNTIF($D$24:$D$33,">"&D31) -> 3 | F31: =$B31*(1-alpha*MAX(0,F$22-$C31)) -> 0.61869776 | G31: =1+COUNTIF($F$24:$F$33,">"&F31) -> 3 | H31: =$B31*(1-alpha*MAX(0,H$22-$C31)) -> 0.61747002 | I31: =1+COUNTIF($H$24:$H$33,">"&H31) -> 3 | J31: =$B31*(1-alpha*MAX(0,J$22-$C31)) -> 0.59890909 | K31: =1+COUNTIF($J$24:$J$33,">"&J31) -> 3 | L31: =$B31*(1-alpha*MAX(0,L$22-$C31)) -> 0.57416118 | M31: =1+COUNTIF($L$24:$L$33,">"&L31) -> 3
A32: BG | B32: =Processing_index!$Z$14 -> 0.2738954 | C32: =Processing_index!$AA$14 -> 0.10718623 | D32: =$B32*(1-alpha*MAX(0,D$22-$C32)) -> 0.25824899 | E32: =1+COUNTIF($D$24:$D$33,">"&D32) -> 10 | F32: =$B32*(1-alpha*MAX(0,F$22-$C32)) -> 0.25277108 | G32: =1+COUNTIF($F$24:$F$33,">"&F32) -> 10 | H32: =$B32*(1-alpha*MAX(0,H$22-$C32)) -> 0.24455422 | I32: =1+COUNTIF($H$24:$H$33,">"&H32) -> 10 | J32: =$B32*(1-alpha*MAX(0,J$22-$C32)) -> 0.23633736 | K32: =1+COUNTIF($J$24:$J$33,">"&J32) -> 10 | L32: =$B32*(1-alpha*MAX(0,L$22-$C32)) -> 0.22538154 | M32: =1+COUNTIF($L$24:$L$33,">"&L32) -> 10
A33: UA | B33: =Processing_index!$Z$15 -> 0.28916214 | C33: =Processing_index!$AA$15 -> 0.17392267 | D33: =$B33*(1-alpha*MAX(0,D$22-$C33)) -> 0.28036267 | E33: =1+COUNTIF($D$24:$D$33,">"&D33) -> 9 | F33: =$B33*(1-alpha*MAX(0,F$22-$C33)) -> 0.27457942 | G33: =1+COUNTIF($F$24:$F$33,">"&F33) -> 9 | H33: =$B33*(1-alpha*MAX(0,H$22-$C33)) -> 0.26590456 | I33: =1+COUNTIF($H$24:$H$33,">"&H33) -> 9 | J33: =$B33*(1-alpha*MAX(0,J$22-$C33)) -> 0.25722969 | K33: =1+COUNTIF($J$24:$J$33,">"&J33) -> 9 | L33: =$B33*(1-alpha*MAX(0,L$22-$C33)) -> 0.24566321 | M33: =1+COUNTIF($L$24:$L$33,">"&L33) -> 9
A34: Spearman with baseline | E34: =1-6*SUMPRODUCT((Processing_index!$AF$6:$AF$15-$E$24:$E$33)^2)/(10*(10^2-1)) -> 1 | G34: =1-6*SUMPRODUCT((Processing_index!$AF$6:$AF$15-$G$24:$G$33)^2)/(10*(10^2-1)) -> 1 | I34: =1-6*SUMPRODUCT((Processing_index!$AF$6:$AF$15-$I$24:$I$33)^2)/(10*(10^2-1)) -> 1 | K34: =1-6*SUMPRODUCT((Processing_index!$AF$6:$AF$15-$K$24:$K$33)^2)/(10*(10^2-1)) -> 1 | M34: =1-6*SUMPRODUCT((Processing_index!$AF$6:$AF$15-$M$24:$M$33)^2)/(10*(10^2-1)) -> 1
A35: Units whose rank changed | E35: =SUMPRODUCT(--(Processing_index!$AF$6:$AF$15<>$E$24:$E$33)) -> 0 | G35: =SUMPRODUCT(--(Processing_index!$AF$6:$AF$15<>$G$24:$G$33)) -> 0 | I35: =SUMPRODUCT(--(Processing_index!$AF$6:$AF$15<>$I$24:$I$33)) -> 0 | K35: =SUMPRODUCT(--(Processing_index!$AF$6:$AF$15<>$K$24:$K$33)) -> 0 | M35: =SUMPRODUCT(--(Processing_index!$AF$6:$AF$15<>$M$24:$M$33)) -> 0
A36: Penalised units (DM_min < delta) | E36: =COUNTIF($C$24:$C$33,"<"&D$22) -> 4 | G36: =COUNTIF($C$24:$C$33,"<"&F$22) -> 6 | I36: =COUNTIF($C$24:$C$33,"<"&H$22) -> 8 | K36: =COUNTIF($C$24:$C$33,"<"&J$22) -> 10 | M36: =COUNTIF($C$24:$C$33,"<"&L$22) -> 10
A39: Geometric mean of the five layers
A40: Unit | B40: Geometric mean | C40: Rank
A41: PL | B41: =(Processing_index!$S$6*Processing_index!$T$6*Processing_index!$U$6*Processing_index!$V$6*Processing_index!$W$6)^(1/5) -> 0.52352371 | C41: =1+COUNTIF($B$41:$B$50,">"&B41) -> 5
A42: HU | B42: =(Processing_index!$S$7*Processing_index!$T$7*Processing_index!$U$7*Processing_index!$V$7*Processing_index!$W$7)^(1/5) -> 0.42207935 | C42: =1+COUNTIF($B$41:$B$50,">"&B42) -> 7
A43: RO | B43: =(Processing_index!$S$8*Processing_index!$T$8*Processing_index!$U$8*Processing_index!$V$8*Processing_index!$W$8)^(1/5) -> 0.36465802 | C43: =1+COUNTIF($B$41:$B$50,">"&B43) -> 8
A44: CZ | B44: =(Processing_index!$S$9*Processing_index!$T$9*Processing_index!$U$9*Processing_index!$V$9*Processing_index!$W$9)^(1/5) -> 0.62900768 | C44: =1+COUNTIF($B$41:$B$50,">"&B44) -> 2
A45: SK | B45: =(Processing_index!$S$10*Processing_index!$T$10*Processing_index!$U$10*Processing_index!$V$10*Processing_index!$W$10)^(1/5) -> 0.44282899 | C45: =1+COUNTIF($B$41:$B$50,">"&B45) -> 6
A46: LT | B46: =(Processing_index!$S$11*Processing_index!$T$11*Processing_index!$U$11*Processing_index!$V$11*Processing_index!$W$11)^(1/5) -> 0.69536355 | C46: =1+COUNTIF($B$41:$B$50,">"&B46) -> 1
A47: LV | B47: =(Processing_index!$S$12*Processing_index!$T$12*Processing_index!$U$12*Processing_index!$V$12*Processing_index!$W$12)^(1/5) -> 0.53756507 | C47: =1+COUNTIF($B$41:$B$50,">"&B47) -> 4
A48: EE | B48: =(Processing_index!$S$13*Processing_index!$T$13*Processing_index!$U$13*Processing_index!$V$13*Processing_index!$W$13)^(1/5) -> 0.5946077 | C48: =1+COUNTIF($B$41:$B$50,">"&B48) -> 3
A49: BG | B49: =(Processing_index!$S$14*Processing_index!$T$14*Processing_index!$U$14*Processing_index!$V$14*Processing_index!$W$14)^(1/5) -> 0.24697539 | C49: =1+COUNTIF($B$41:$B$50,">"&B49) -> 10
A50: UA | B50: =(Processing_index!$S$15*Processing_index!$T$15*Processing_index!$U$15*Processing_index!$V$15*Processing_index!$W$15)^(1/5) -> 0.27837666 | C50: =1+COUNTIF($B$41:$B$50,">"&B50) -> 9
A51: Spearman with baseline | B51: =1-6*SUMPRODUCT((Processing_index!$AF$6:$AF$15-$C$41:$C$50)^2)/(10*(10^2-1)) -> 1
A52: Units whose rank changed | B52: =SUMPRODUCT(--(Processing_index!$AF$6:$AF$15<>$C$41:$C$50)) -> 0
A55: Leave one indicator out: layers recomputed without the indicator
A56: Indicator removed | B56: Spearman with baseline | C56: Units whose rank changed | D56: Ukraine rank | E56: Ukraine ADMI | F56: Block row
A57: ERP | B57: =$B$84 -> 1 | C57: =$B$85 -> 0 | D57: =$K$83 -> 9 | E57: =$J$83 -> 0.24630548 | F57: 72
A58: IOT_PRODUCTION | B58: =$B$99 -> 0.98787879 | C58: =$B$100 -> 2 | D58: =$K$98 -> 9 | E58: =$J$98 -> 0.27651056 | F58: 87
A59: ICT_SECURITY_DOCUMENT | B59: =$B$114 -> 1 | C59: =$B$115 -> 0 | D59: =$K$113 -> 9 | E59: =$J$113 -> 0.27543052 | F59: 102
A60: ICT_TRAINING_ICT_SPECIALISTS | B60: =$B$129 -> 0.98787879 | C60: =$B$130 -> 2 | D60: =$K$128 -> 9 | E60: =$J$128 -> 0.25811106 | F60: 117
A61: ICT_TRAINING_OTHER_EMPLOYEES | B61: =$B$144 -> 0.98787879 | C61: =$B$145 -> 2 | D61: =$K$143 -> 9 | E61: =$J$143 -> 0.27369806 | F61: 132
A62: SUPPLY_CHAIN_DATA_EXCHANGE | B62: =$B$159 -> 0.98787879 | C62: =$B$160 -> 2 | D62: =$K$158 -> 10 | E62: =$J$158 -> 0.24481007 | F62: 147
A63: DATA_ANALYTICS | B63: =$B$174 -> 0.98787879 | C63: =$B$175 -> 2 | D63: =$K$173 -> 9 | E63: =$J$173 -> 0.27040557 | F63: 162
A64: IOT_ANY | B64: =$B$189 -> 0.97575758 | C64: =$B$190 -> 4 | D64: =$K$188 -> 9 | E64: =$J$188 -> 0.28249803 | F64: 177
A65: MOBILE_INTERNET | B65: =$B$204 -> 0.97575758 | C65: =$B$205 -> 4 | D65: =$K$203 -> 9 | E65: =$J$203 -> 0.24366813 | F65: 192
A66: PAID_CLOUD | B66: =$B$219 -> 0.98787879 | C66: =$B$220 -> 2 | D66: =$K$218 -> 10 | E66: =$J$218 -> 0.28814099 | F66: 207
A67: ECOMMERCE_SALES | B67: =$B$234 -> 0.98787879 | C67: =$B$235 -> 2 | D67: =$K$233 -> 9 | E67: =$J$233 -> 0.26963704 | F67: 222
A68: WEBSITE | B68: =$B$249 -> 1 | C68: =$B$250 -> 0 | D68: =$K$248 -> 9 | E68: =$J$248 -> 0.25390644 | F68: 237
A69: CRM | B69: =$B$264 -> 0.98787879 | C69: =$B$265 -> 2 | D69: =$K$263 -> 9 | E69: =$J$263 -> 0.27417019 | F69: 252
A72: Without ERP
A73: Unit | B73: C | C73: L1 | D73: L2 | E73: L3 | F73: L4 | G73: ADMI_base | H73: DM_min | I73: Penalty | J73: ADMI | K73: Rank
A74: PL | B74: =AVERAGE(Processing_index!$C$6,Processing_index!$D$6) -> 0.38465638 | C74: =Processing_index!$T$6 -> 0.62846775 | D74: =Processing_index!$U$6 -> 0.34867748 | E74: =Processing_index!$V$6 -> 0.77338574 | F74: =Processing_index!$W$6 -> 0.52377839 | G74: =AVERAGE(B74:F74) -> 0.53179315 | H74: =MIN(B74:F74) -> 0.34867748 | I74: =1-alpha*MAX(0,delta-H74) -> 0.98947099 | J74: =G74*I74 -> 0.52619389 | K74: =1+COUNTIF($J$74:$J$83,">"&J74) -> 5
A75: HU | B75: =AVERAGE(Processing_index!$C$7,Processing_index!$D$7) -> 0.22762729 | C75: =Processing_index!$T$7 -> 0.29587346 | D75: =Processing_index!$U$7 -> 0.53320858 | E75: =Processing_index!$V$7 -> 0.60598341 | F75: =Processing_index!$W$7 -> 0.47884895 | G75: =AVERAGE(B75:F75) -> 0.42830834 | H75: =MIN(B75:F75) -> 0.22762729 | I75: =1-alpha*MAX(0,delta-H75) -> 0.94105092 | J75: =G75*I75 -> 0.40305995 | K75: =1+COUNTIF($J$74:$J$83,">"&J75) -> 7
A76: RO | B76: =AVERAGE(Processing_index!$C$8,Processing_index!$D$8) -> 0.50252575 | C76: =Processing_index!$T$8 -> 0.24148819 | D76: =Processing_index!$U$8 -> 0.28762352 | E76: =Processing_index!$V$8 -> 0.5573705 | F76: =Processing_index!$W$8 -> 0.37810404 | G76: =AVERAGE(B76:F76) -> 0.3934224 | H76: =MIN(B76:F76) -> 0.24148819 | I76: =1-alpha*MAX(0,delta-H76) -> 0.94659528 | J76: =G76*I76 -> 0.37241179 | K76: =1+COUNTIF($J$74:$J$83,">"&J76) -> 8
A77: CZ | B77: =AVERAGE(Processing_index!$C$9,Processing_index!$D$9) -> 0.48204377 | C77: =Processing_index!$T$9 -> 0.44228905 | D77: =Processing_index!$U$9 -> 0.6711789 | E77: =Processing_index!$V$9 -> 0.72541216 | F77: =Processing_index!$W$9 -> 0.81207893 | G77: =AVERAGE(B77:F77) -> 0.62660056 | H77: =MIN(B77:F77) -> 0.44228905 | I77: =1-alpha*MAX(0,delta-H77) -> 1 | J77: =G77*I77 -> 0.62660056 | K77: =1+COUNTIF($J$74:$J$83,">"&J77) -> 2
A78: SK | B78: =AVERAGE(Processing_index!$C$10,Processing_index!$D$10) -> 0.3673803 | C78: =Processing_index!$T$10 -> 0.23499113 | D78: =Processing_index!$U$10 -> 0.60004571 | E78: =Processing_index!$V$10 -> 0.55285896 | F78: =Processing_index!$W$10 -> 0.62284486 | G78: =AVERAGE(B78:F78) -> 0.47562419 | H78: =MIN(B78:F78) -> 0.23499113 | I78: =1-alpha*MAX(0,delta-H78) -> 0.94399645 | J78: =G78*I78 -> 0.44898755 | K78: =1+COUNTIF($J$74:$J$83,">"&J78) -> 6
A79: LT | B79: =AVERAGE(Processing_index!$C$11,Processing_index!$D$11) -> 0.59622713 | C79: =Processing_index!$T$11 -> 0.39037289 | D79: =Processing_index!$U$11 -> 0.75697314 | E79: =Processing_index!$V$11 -> 0.89940491 | F79: =Processing_index!$W$11 -> 0.88061902 | G79: =AVERAGE(B79:F79) -> 0.70471942 | H79: =MIN(B79:F79) -> 0.39037289 | I79: =1-alpha*MAX(0,delta-H79) -> 1 | J79: =G79*I79 -> 0.70471942 | K79: =1+COUNTIF($J$74:$J$83,">"&J79) -> 1
A80: LV | B80: =AVERAGE(Processing_index!$C$12,Processing_index!$D$12) -> 0.72522009 | C80: =Processing_index!$T$12 -> 0.26817045 | D80: =Processing_index!$U$12 -> 0.56113711 | E80: =Processing_index!$V$12 -> 0.70371202 | F80: =Processing_index!$W$12 -> 0.59637573 | G80: =AVERAGE(B80:F80) -> 0.57092308 | H80: =MIN(B80:F80) -> 0.26817045 | I80: =1-alpha*MAX(0,delta-H80) -> 0.95726818 | J80: =G80*I80 -> 0.5465265 | K80: =1+COUNTIF($J$74:$J$83,">"&J80) -> 4
A81: EE | B81: =AVERAGE(Processing_index!$C$13,Processing_index!$D$13) -> 0.58733077 | C81: =Processing_index!$T$13 -> 0.37003902 | D81: =Processing_index!$U$13 -> 0.62584075 | E81: =Processing_index!$V$13 -> 0.90826853 | F81: =Processing_index!$W$13 -> 0.61094535 | G81: =AVERAGE(B81:F81) -> 0.62048488 | H81: =MIN(B81:F81) -> 0.37003902 | I81: =1-alpha*MAX(0,delta-H81) -> 0.99801561 | J81: =G81*I81 -> 0.6192536 | K81: =1+COUNTIF($J$74:$J$83,">"&J81) -> 3
A82: BG | B82: =AVERAGE(Processing_index!$C$14,Processing_index!$D$14) -> 0.17098609 | C82: =Processing_index!$T$14 -> 0.10718623 | D82: =Processing_index!$U$14 -> 0.28034164 | E82: =Processing_index!$V$14 -> 0.4573964 | F82: =Processing_index!$W$14 -> 0.30622596 | G82: =AVERAGE(B82:F82) -> 0.26442727 | H82: =MIN(B82:F82) -> 0.10718623 | I82: =1-alpha*MAX(0,delta-H82) -> 0.89287449 | J82: =G82*I82 -> 0.23610036 | K82: =1+COUNTIF($J$74:$J$83,">"&J82) -> 10
A83: UA | B83: =AVERAGE(Processing_index!$C$15,Processing_index!$D$15) -> 0.1073158 | C83: =Processing_index!$T$15 -> 0.23417283 | D83: =Processing_index!$U$15 -> 0.36886288 | E83: =Processing_index!$V$15 -> 0.35816637 | F83: =Processing_index!$W$15 -> 0.31068595 | G83: =AVERAGE(B83:F83) -> 0.27584077 | H83: =MIN(B83:F83) -> 0.1073158 | I83: =1-alpha*MAX(0,delta-H83) -> 0.89292632 | J83: =G83*I83 -> 0.24630548 | K83: =1+COUNTIF($J$74:$J$83,">"&J83) -> 9
A84: Spearman with baseline | B84: =1-6*SUMPRODUCT((Processing_index!$AF$6:$AF$15-$K$74:$K$83)^2)/(10*(10^2-1)) -> 1
A85: Units whose rank changed | B85: =SUMPRODUCT(--(Processing_index!$AF$6:$AF$15<>$K$74:$K$83)) -> 0
A87: Without IOT_PRODUCTION
A88: Unit | B88: C | C88: L1 | D88: L2 | E88: L3 | F88: L4 | G88: ADMI_base | H88: DM_min | I88: Penalty | J88: ADMI | K88: Rank
A89: PL | B89: =AVERAGE(Processing_index!$B$6,Processing_index!$D$6) -> 0.51359856 | C89: =Processing_index!$T$6 -> 0.62846775 | D89: =Processing_index!$U$6 -> 0.34867748 | E89: =Processing_index!$V$6 -> 0.77338574 | F89: =Processing_index!$W$6 -> 0.52377839 | G89: =AVERAGE(B89:F89) -> 0.55758158 | H89: =MIN(B89:F89) -> 0.34867748 | I89: =1-alpha*MAX(0,delta-H89) -> 0.98947099 | J89: =G89*I89 -> 0.5517108 | K89: =1+COUNTIF($J$89:$J$98,">"&J89) -> 4
A90: HU | B90: =AVERAGE(Processing_index!$B$7,Processing_index!$D$7) -> 0.27926431 | C90: =Processing_index!$T$7 -> 0.29587346 | D90: =Processing_index!$U$7 -> 0.53320858 | E90: =Processing_index!$V$7 -> 0.60598341 | F90: =Processing_index!$W$7 -> 0.47884895 | G90: =AVERAGE(B90:F90) -> 0.43863574 | H90: =MIN(B90:F90) -> 0.27926431 | I90: =1-alpha*MAX(0,delta-H90) -> 0.96170573 | J90: =G90*I90 -> 0.42183851 | K90: =1+COUNTIF($J$89:$J$98,">"&J90) -> 7
A91: RO | B91: =AVERAGE(Processing_index!$B$8,Processing_index!$D$8) -> 0.58906311 | C91: =Processing_index!$T$8 -> 0.24148819 | D91: =Processing_index!$U$8 -> 0.28762352 | E91: =Processing_index!$V$8 -> 0.5573705 | F91: =Processing_index!$W$8 -> 0.37810404 | G91: =AVERAGE(B91:F91) -> 0.41072987 | H91: =MIN(B91:F91) -> 0.24148819 | I91: =1-alpha*MAX(0,delta-H91) -> 0.94659528 | J91: =G91*I91 -> 0.38879496 | K91: =1+COUNTIF($J$89:$J$98,">"&J91) -> 8
A92: CZ | B92: =AVERAGE(Processing_index!$B$9,Processing_index!$D$9) -> 0.49010405 | C92: =Processing_index!$T$9 -> 0.44228905 | D92: =Processing_index!$U$9 -> 0.6711789 | E92: =Processing_index!$V$9 -> 0.72541216 | F92: =Processing_index!$W$9 -> 0.81207893 | G92: =AVERAGE(B92:F92) -> 0.62821262 | H92: =MIN(B92:F92) -> 0.44228905 | I92: =1-alpha*MAX(0,delta-H92) -> 1 | J92: =G92*I92 -> 0.62821262 | K92: =1+COUNTIF($J$89:$J$98,">"&J92) -> 2
A93: SK | B93: =AVERAGE(Processing_index!$B$10,Processing_index!$D$10) -> 0.26073726 | C93: =Processing_index!$T$10 -> 0.23499113 | D93: =Processing_index!$U$10 -> 0.60004571 | E93: =Processing_index!$V$10 -> 0.55285896 | F93: =Processing_index!$W$10 -> 0.62284486 | G93: =AVERAGE(B93:F93) -> 0.45429558 | H93: =MIN(B93:F93) -> 0.23499113 | I93: =1-alpha*MAX(0,delta-H93) -> 0.94399645 | J93: =G93*I93 -> 0.42885342 | K93: =1+COUNTIF($J$89:$J$98,">"&J93) -> 6
A94: LT | B94: =AVERAGE(Processing_index!$B$11,Processing_index!$D$11) -> 0.71459282 | C94: =Processing_index!$T$11 -> 0.39037289 | D94: =Processing_index!$U$11 -> 0.75697314 | E94: =Processing_index!$V$11 -> 0.89940491 | F94: =Processing_index!$W$11 -> 0.88061902 | G94: =AVERAGE(B94:F94) -> 0.72839256 | H94: =MIN(B94:F94) -> 0.39037289 | I94: =1-alpha*MAX(0,delta-H94) -> 1 | J94: =G94*I94 -> 0.72839256 | K94: =1+COUNTIF($J$89:$J$98,">"&J94) -> 1
A95: LV | B95: =AVERAGE(Processing_index!$B$12,Processing_index!$D$12) -> 0.72590164 | C95: =Processing_index!$T$12 -> 0.26817045 | D95: =Processing_index!$U$12 -> 0.56113711 | E95: =Processing_index!$V$12 -> 0.70371202 | F95: =Processing_index!$W$12 -> 0.59637573 | G95: =AVERAGE(B95:F95) -> 0.57105939 | H95: =MIN(B95:F95) -> 0.26817045 | I95: =1-alpha*MAX(0,delta-H95) -> 0.95726818 | J95: =G95*I95 -> 0.54665698 | K95: =1+COUNTIF($J$89:$J$98,">"&J95) -> 5
A96: EE | B96: =AVERAGE(Processing_index!$B$13,Processing_index!$D$13) -> 0.58504557 | C96: =Processing_index!$T$13 -> 0.37003902 | D96: =Processing_index!$U$13 -> 0.62584075 | E96: =Processing_index!$V$13 -> 0.90826853 | F96: =Processing_index!$W$13 -> 0.61094535 | G96: =AVERAGE(B96:F96) -> 0.62002784 | H96: =MIN(B96:F96) -> 0.37003902 | I96: =1-alpha*MAX(0,delta-H96) -> 0.99801561 | J96: =G96*I96 -> 0.61879746 | K96: =1+COUNTIF($J$89:$J$98,">"&J96) -> 3
A97: BG | B97: =AVERAGE(Processing_index!$B$14,Processing_index!$D$14) -> 0.20107506 | C97: =Processing_index!$T$14 -> 0.10718623 | D97: =Processing_index!$U$14 -> 0.28034164 | E97: =Processing_index!$V$14 -> 0.4573964 | F97: =Processing_index!$W$14 -> 0.30622596 | G97: =AVERAGE(B97:F97) -> 0.27044506 | H97: =MIN(B97:F97) -> 0.10718623 | I97: =1-alpha*MAX(0,delta-H97) -> 0.89287449 | J97: =G97*I97 -> 0.2414735 | K97: =1+COUNTIF($J$89:$J$98,">"&J97) -> 10
A98: UA | B98: =AVERAGE(Processing_index!$B$15,Processing_index!$D$15) -> 0.20899721 | C98: =Processing_index!$T$15 -> 0.23417283 | D98: =Processing_index!$U$15 -> 0.36886288 | E98: =Processing_index!$V$15 -> 0.35816637 | F98: =Processing_index!$W$15 -> 0.31068595 | G98: =AVERAGE(B98:F98) -> 0.29617705 | H98: =MIN(B98:F98) -> 0.20899721 | I98: =1-alpha*MAX(0,delta-H98) -> 0.93359888 | J98: =G98*I98 -> 0.27651056 | K98: =1+COUNTIF($J$89:$J$98,">"&J98) -> 9
A99: Spearman with baseline | B99: =1-6*SUMPRODUCT((Processing_index!$AF$6:$AF$15-$K$89:$K$98)^2)/(10*(10^2-1)) -> 0.98787879
A100: Units whose rank changed | B100: =SUMPRODUCT(--(Processing_index!$AF$6:$AF$15<>$K$89:$K$98)) -> 2
A102: Without ICT_SECURITY_DOCUMENT
A103: Unit | B103: C | C103: L1 | D103: L2 | E103: L3 | F103: L4 | G103: ADMI_base | H103: DM_min | I103: Penalty | J103: ADMI | K103: Rank
A104: PL | B104: =AVERAGE(Processing_index!$B$6,Processing_index!$C$6) -> 0.43082897 | C104: =Processing_index!$T$6 -> 0.62846775 | D104: =Processing_index!$U$6 -> 0.34867748 | E104: =Processing_index!$V$6 -> 0.77338574 | F104: =Processing_index!$W$6 -> 0.52377839 | G104: =AVERAGE(B104:F104) -> 0.54102767 | H104: =MIN(B104:F104) -> 0.34867748 | I104: =1-alpha*MAX(0,delta-H104) -> 0.98947099 | J104: =G104*I104 -> 0.53533118 | K104: =1+COUNTIF($J$104:$J$113,">"&J104) -> 5
A105: HU | B105: =AVERAGE(Processing_index!$B$7,Processing_index!$C$7) -> 0.37097665 | C105: =Processing_index!$T$7 -> 0.29587346 | D105: =Processing_index!$U$7 -> 0.53320858 | E105: =Processing_index!$V$7 -> 0.60598341 | F105: =Processing_index!$W$7 -> 0.47884895 | G105: =AVERAGE(B105:F105) -> 0.45697821 | H105: =MIN(B105:F105) -> 0.29587346 | I105: =1-alpha*MAX(0,delta-H105) -> 0.96834938 | J105: =G105*I105 -> 0.44251457 | K105: =1+COUNTIF($J$104:$J$113,">"&J105) -> 7
A106: RO | B106: =AVERAGE(Processing_index!$B$8,Processing_index!$C$8) -> 0.22993358 | C106: =Processing_index!$T$8 -> 0.24148819 | D106: =Processing_index!$U$8 -> 0.28762352 | E106: =Processing_index!$V$8 -> 0.5573705 | F106: =Processing_index!$W$8 -> 0.37810404 | G106: =AVERAGE(B106:F106) -> 0.33890397 | H106: =MIN(B106:F106) -> 0.22993358 | I106: =1-alpha*MAX(0,delta-H106) -> 0.94197343 | J106: =G106*I106 -> 0.31923853 | K106: =1+COUNTIF($J$104:$J$113,">"&J106) -> 8
A107: CZ | B107: =AVERAGE(Processing_index!$B$9,Processing_index!$C$9) -> 0.71702254 | C107: =Processing_index!$T$9 -> 0.44228905 | D107: =Processing_index!$U$9 -> 0.6711789 | E107: =Processing_index!$V$9 -> 0.72541216 | F107: =Processing_index!$W$9 -> 0.81207893 | G107: =AVERAGE(B107:F107) -> 0.67359631 | H107: =MIN(B107:F107) -> 0.44228905 | I107: =1-alpha*MAX(0,delta-H107) -> 1 | J107: =G107*I107 -> 0.67359631 | K107: =1+COUNTIF($J$104:$J$113,">"&J107) -> 2
A108: SK | B108: =AVERAGE(Processing_index!$B$10,Processing_index!$C$10) -> 0.42401733 | C108: =Processing_index!$T$10 -> 0.23499113 | D108: =Processing_index!$U$10 -> 0.60004571 | E108: =Processing_index!$V$10 -> 0.55285896 | F108: =Processing_index!$W$10 -> 0.62284486 | G108: =AVERAGE(B108:F108) -> 0.4869516 | H108: =MIN(B108:F108) -> 0.23499113 | I108: =1-alpha*MAX(0,delta-H108) -> 0.94399645 | J108: =G108*I108 -> 0.45968058 | K108: =1+COUNTIF($J$104:$J$113,">"&J108) -> 6
A109: LT | B109: =AVERAGE(Processing_index!$B$11,Processing_index!$C$11) -> 0.77308267 | C109: =Processing_index!$T$11 -> 0.39037289 | D109: =Processing_index!$U$11 -> 0.75697314 | E109: =Processing_index!$V$11 -> 0.89940491 | F109: =Processing_index!$W$11 -> 0.88061902 | G109: =AVERAGE(B109:F109) -> 0.74009053 | H109: =MIN(B109:F109) -> 0.39037289 | I109: =1-alpha*MAX(0,delta-H109) -> 1 | J109: =G109*I109 -> 0.74009053 | K109: =1+COUNTIF($J$104:$J$113,">"&J109) -> 1
A110: LV | B110: =AVERAGE(Processing_index!$B$12,Processing_index!$C$12) -> 0.68134193 | C110: =Processing_index!$T$12 -> 0.26817045 | D110: =Processing_index!$U$12 -> 0.56113711 | E110: =Processing_index!$V$12 -> 0.70371202 | F110: =Processing_index!$W$12 -> 0.59637573 | G110: =AVERAGE(B110:F110) -> 0.56214745 | H110: =MIN(B110:F110) -> 0.26817045 | I110: =1-alpha*MAX(0,delta-H110) -> 0.95726818 | J110: =G110*I110 -> 0.53812586 | K110: =1+COUNTIF($J$104:$J$113,">"&J110) -> 4
A111: EE | B111: =AVERAGE(Processing_index!$B$13,Processing_index!$C$13) -> 0.56280914 | C111: =Processing_index!$T$13 -> 0.37003902 | D111: =Processing_index!$U$13 -> 0.62584075 | E111: =Processing_index!$V$13 -> 0.90826853 | F111: =Processing_index!$W$13 -> 0.61094535 | G111: =AVERAGE(B111:F111) -> 0.61558056 | H111: =MIN(B111:F111) -> 0.37003902 | I111: =1-alpha*MAX(0,delta-H111) -> 0.99801561 | J111: =G111*I111 -> 0.614359 | K111: =1+COUNTIF($J$104:$J$113,">"&J111) -> 3
A112: BG | B112: =AVERAGE(Processing_index!$B$14,Processing_index!$C$14) -> 0.28291916 | C112: =Processing_index!$T$14 -> 0.10718623 | D112: =Processing_index!$U$14 -> 0.28034164 | E112: =Processing_index!$V$14 -> 0.4573964 | F112: =Processing_index!$W$14 -> 0.30622596 | G112: =AVERAGE(B112:F112) -> 0.28681388 | H112: =MIN(B112:F112) -> 0.10718623 | I112: =1-alpha*MAX(0,delta-H112) -> 0.89287449 | J112: =G112*I112 -> 0.2560888 | K112: =1+COUNTIF($J$104:$J$113,">"&J112) -> 10
...

Sheet Transition_checks
A1: Transition expectations: units relative to EU-27, and concentration of adoption in large holdings
A3: Unit | B3: ADMI / EU-27 | C3: DM_C / EU-27 (all holdings) | D3: DM_L3 / EU-27 (all holdings) | E3: large / all: ROBOTICS | F3: large / all: MAC_ROB_PPP | G3: large / all: BAND_SPRAY_PPP | H3: large / all: VAR_RATE_TECH | I3: large / all: PREC_MON_CROPS | J3: large / all: SOIL_ANALYSIS | K3: large / all, median
A4: EU27_2020 | B4: =Processing_index!$AD$4/Processing_index!$AD$4 -> 1 | C4: =Farm_results!L20/Farm_results!L20 -> 1 | D4: =Farm_results!M20/Farm_results!M20 -> 1 | E4: =Farm_EU_data!$AE$19/Farm_EU_data!$AE$5 -> 4.6097202 | F4: =Farm_EU_data!$AE$20/Farm_EU_data!$AE$6 -> 9.4034091 | G4: =Farm_EU_data!$AE$21/Farm_EU_data!$AE$7 -> 1.9168646 | H4: =Farm_EU_data!$AE$22/Farm_EU_data!$AE$8 -> 3.1466165 | I4: =Farm_EU_data!$AE$23/Farm_EU_data!$AE$9 -> 5.7987616 | J4: =Farm_EU_data!$AE$24/Farm_EU_data!$AE$10 -> 4.0290749 | K4: =(SMALL(E4:J4,3)+SMALL(E4:J4,4))/2 -> 4.3193975
A5: DE | B5: =Processing_index!$AD$5/Processing_index!$AD$4 -> 1.0063357 | C5: =Farm_results!L21/Farm_results!L20 -> 2.6892489 | D5: =Farm_results!M21/Farm_results!M20 -> 3.3006887 | E5: =Farm_EU_data!$I$19/Farm_EU_data!$I$5 -> 2.3033954 | F5: =Farm_EU_data!$I$20/Farm_EU_data!$I$6 -> 3.058104 | G5: =Farm_EU_data!$I$21/Farm_EU_data!$I$7 -> 1.6116883 | H5: =Farm_EU_data!$I$22/Farm_EU_data!$I$8 -> 2.4615385 | I5: =Farm_EU_data!$I$23/Farm_EU_data!$I$9 -> 2.4217557 | J5: =Farm_EU_data!$I$24/Farm_EU_data!$I$10 -> 1.7536385 | K5: =(SMALL(E5:J5,3)+SMALL(E5:J5,4))/2 -> 2.3625756
A6: PL | B6: =Processing_index!$AD$6/Processing_index!$AD$4 -> 0.96327433 | C6: =Farm_results!L22/Farm_results!L20 -> 0.19734904 | D6: =Farm_results!M22/Farm_results!M20 -> 1.45636 | E6: =Farm_EU_data!$Y$19/Farm_EU_data!$Y$5 -> 5.380597 | F6: =Farm_EU_data!$Y$20/Farm_EU_data!$Y$6 -> 18 | G6: =Farm_EU_data!$Y$21/Farm_EU_data!$Y$7 -> 1.8515008 | H6: =Farm_EU_data!$Y$22/Farm_EU_data!$Y$8 -> 1.9181885 | I6: =Farm_EU_data!$Y$23/Farm_EU_data!$Y$9 -> 5.787234 | J6: =Farm_EU_data!$Y$24/Farm_EU_data!$Y$10 -> 3.7644192 | K6: =(SMALL(E6:J6,3)+SMALL(E6:J6,4))/2 -> 4.5725081
A7: HU | B7: =Processing_index!$AD$7/Processing_index!$AD$4 -> 0.76447473 | C7: =Farm_results!L23/Farm_results!L20 -> 0.38586156 | D7: =Farm_results!M23/Farm_results!M20 -> 0.72994889 | E7: =Farm_EU_data!$Q$19/Farm_EU_data!$Q$5 -> 5.6603053 | F7: =Farm_EU_data!$Q$20/Farm_EU_data!$Q$6 -> 4.4653465 | G7: =Farm_EU_data!$Q$21/Farm_EU_data!$Q$7 -> 4.1766467 | H7: =Farm_EU_data!$Q$22/Farm_EU_data!$Q$8 -> 4.6310345 | I7: =Farm_EU_data!$Q$23/Farm_EU_data!$Q$9 -> 4.4304511 | J7: =Farm_EU_data!$Q$24/Farm_EU_data!$Q$10 -> 4.6654741 | K7: =(SMALL(E7:J7,3)+SMALL(E7:J7,4))/2 -> 4.5481905
A8: RO | B8: =Processing_index!$AD$8/Processing_index!$AD$4 -> 0.64607665 | C8: =Farm_results!L24/Farm_results!L20 -> 0.48011782 | D8: =Farm_results!M24/Farm_results!M20 -> 0.2302972 | E8: =Farm_EU_data!$AA$19/Farm_EU_data!$AA$5 -> 5.2822086 | F8: =Farm_EU_data!$AA$20/Farm_EU_data!$AA$6 -> 9.1428571 | G8: =Farm_EU_data!$AA$21/Farm_EU_data!$AA$7 -> 10.933333 | H8: =Farm_EU_data!$AA$22/Farm_EU_data!$AA$8 -> 12.692308 | I8: =Farm_EU_data!$AA$23/Farm_EU_data!$AA$9 -> 13.810811 | J8: =Farm_EU_data!$AA$24/Farm_EU_data!$AA$10 -> 21.3 | K8: =(SMALL(E8:J8,3)+SMALL(E8:J8,4))/2 -> 11.812821
A9: CZ | B9: =Processing_index!$AD$9/Processing_index!$AD$4 -> 1.1514667 | C9: =Farm_results!L25/Farm_results!L20 -> 0.50220913 | D9: =Farm_results!M25/Farm_results!M20 -> 0.47098579 | E9: =Farm_EU_data!$H$19/Farm_EU_data!$H$5 -> 4.2844575 | F9: =Farm_EU_data!$H$20/Farm_EU_data!$H$6 -> 4.3255814 | G9: =Farm_EU_data!$H$21/Farm_EU_data!$H$7 -> 4.1973684 | H9: =Farm_EU_data!$H$22/Farm_EU_data!$H$8 -> 4.6369048 | I9: =Farm_EU_data!$H$23/Farm_EU_data!$H$9 -> 4.700565 | J9: =Farm_EU_data!$H$24/Farm_EU_data!$H$10 -> 4.358209 | K9: =(SMALL(E9:J9,3)+SMALL(E9:J9,4))/2 -> 4.3418952
A10: SK | B10: =Processing_index!$AD$10/Processing_index!$AD$4 -> 0.79864339 | C10: =Farm_results!L26/Farm_results!L20 -> 0.19293078 | D10: =Farm_results!M26/Farm_results!M20 -> 0.12421192 | E10: =Farm_EU_data!$AD$19/Farm_EU_data!$AD$5 -> 5.6641221 | F10: =Farm_EU_data!$AD$20/Farm_EU_data!$AD$6 -> 5.9830508 | G10: =Farm_EU_data!$AD$21/Farm_EU_data!$AD$7 -> 6.5555556 | H10: =Farm_EU_data!$AD$22/Farm_EU_data!$AD$8 -> 6.0704225 | I10: =Farm_EU_data!$AD$23/Farm_EU_data!$AD$9 -> 5.7317073 | J10: =Farm_EU_data!$AD$24/Farm_EU_data!$AD$10 -> 4.8307692 | K10: =(SMALL(E10:J10,3)+SMALL(E10:J10,4))/2 -> 5.8573791
A11: LT | B11: =Processing_index!$AD$11/Processing_index!$AD$4 -> 1.2976343 | C11: =Farm_results!L27/Farm_results!L20 -> 0.067746686 | D11: =Farm_results!M27/Farm_results!M20 -> 0.13916814 | E11: =Farm_EU_data!$T$19/Farm_EU_data!$T$5 -> 11.086957 | F11: =Farm_EU_data!$T$20/Farm_EU_data!$T$6 -> 10.2 | G11: =Farm_EU_data!$T$21/Farm_EU_data!$T$7 -> 9.3953488 | H11: =Farm_EU_data!$T$22/Farm_EU_data!$T$8 -> 10.057471 | I11: =Farm_EU_data!$T$23/Farm_EU_data!$T$9 -> 9.4390244 | J11: =Farm_EU_data!$T$24/Farm_EU_data!$T$10 -> 7.1729958 | K11: =(SMALL(E11:J11,3)+SMALL(E11:J11,4))/2 -> 9.7482478
A12: LV | B12: =Processing_index!$AD$12/Processing_index!$AD$4 -> 0.97406612 | C12: =Farm_results!L28/Farm_results!L20 -> 0.6892489 | D12: =Farm_results!M28/Farm_results!M20 -> 0.44952328 | E12: =Farm_EU_data!$V$19/Farm_EU_data!$V$5 -> 8.7222222 | F12: =Farm_EU_data!$V$20/Farm_EU_data!$V$6 -> 7.8455882 | G12: =Farm_EU_data!$V$21/Farm_EU_data!$V$7 -> 6.8417266 | H12: =Farm_EU_data!$V$22/Farm_EU_data!$V$8 -> 7.245098 | I12: =Farm_EU_data!$V$23/Farm_EU_data!$V$9 -> 7.7798165 | J12: =Farm_EU_data!$V$24/Farm_EU_data!$V$10 -> 5.2157221 | K12: =(SMALL(E12:J12,3)+SMALL(E12:J12,4))/2 -> 7.5124573
A13: EE | B13: =Processing_index!$AD$13/Processing_index!$AD$4 -> 1.1060869 | C13: =Farm_results!L29/Farm_results!L20 -> 1.1826215 | D13: =Farm_results!M29/Farm_results!M20 -> 1.4810462 | E13: =Farm_EU_data!$K$19/Farm_EU_data!$K$5 -> 4.3075965 | F13: =Farm_EU_data!$K$20/Farm_EU_data!$K$6 -> 3.625 | G13: =Farm_EU_data!$K$21/Farm_EU_data!$K$7 -> 2.8336842 | H13: =Farm_EU_data!$K$22/Farm_EU_data!$K$8 -> 3.3552083 | I13: =Farm_EU_data!$K$23/Farm_EU_data!$K$9 -> 3.5085837 | J13: =Farm_EU_data!$K$24/Farm_EU_data!$K$10 -> 2.4564706 | K13: =(SMALL(E13:J13,3)+SMALL(E13:J13,4))/2 -> 3.431896
A14: BG | B14: =Processing_index!$AD$14/Processing_index!$AD$4 -> 0.43807506 | C14: =Farm_results!L30/Farm_results!L20 -> 0.082474227 | D14: =Farm_results!M30/Farm_results!M20 -> 0.17775718 | E14: =Farm_EU_data!$F$19/Farm_EU_data!$F$5 -> 9.1964286 | F14: =Farm_EU_data!$F$20/Farm_EU_data!$F$6 -> 8.7307692 | G14: =Farm_EU_data!$F$21/Farm_EU_data!$F$7 -> 5.9655172 | H14: =Farm_EU_data!$F$22/Farm_EU_data!$F$8 -> 8 | I14: =Farm_EU_data!$F$23/Farm_EU_data!$F$9 -> 4.9534884 | J14: =Farm_EU_data!$F$24/Farm_EU_data!$F$10 -> 3.9433962 | K14: =(SMALL(E14:J14,3)+SMALL(E14:J14,4))/2 -> 6.9827586
A15: UA | B15: =Processing_index!$AD$15/Processing_index!$AD$4 -> 0.47632037 | C15: =Farm_results!L31/Farm_results!L20 -> 0.58176735 | D15: =Farm_results!M31/Farm_results!M20 -> 0.40763183 | K15: n/a (no small-holding segment)
A17: CEE median, ADMI / EU-27 | B17: =SMALL(B6:B14,5) -> 0.96327433
A18: CEE median, DM_C / EU-27 | B18: =SMALL(C6:C14,5) -> 0.38586156
A19: CEE median, DM_L3 / EU-27 | B19: =SMALL(D6:D14,5) -> 0.44952328
A20: CEE median, large / all | B20: =SMALL(K6:K14,5) -> 5.8573791
A21: CEE countries with large / all above EU-27 | B21: =COUNTIF(K6:K14,">"&K4) -> 8

Sheet Paper_tables
A1: Tables of the paper (every number is a formula over the calculation sheets)
A3: Table 1. Farm-level technologies and their place in the ADMA model
A4: Technology | B4: Eurostat code | C4: ADMA layer
A5: Robotics | B5: MAC_ROB | C5: C
A6: Robots for plant protection products | B6: MAC_ROB_PPP | C6: L3
A7: Band spraying of plant protection products | B7: MAC_BDS_PPP | C7: L3
A8: Variable rate technology | B8: MAC_VRT | C8: L3
A9: Precision crop monitoring | B9: MAC_PMON_CR | C9: L3
A10: Soil analysis | B10: MAC_ASOIL | C10: L3
A11: Automatic feeding systems | B11: MAC_AFDS | C11: L3
A12: Milking robots | B12: MAC_MLK_ROB | C12: L3
A13: Animal health monitoring | B13: MAC_WHMON | C13: L3
A14: Automatic climate regulation | B14: MAC_AREG | C14: L3
A17: Table 2. Food processing indicators (NACE C10-C12), % of enterprises
A18: Layer | B18: Indicator | C18: Year EU | D18: Year UA | E18: EU-27 | F18: EU leader value | G18: EU leader | H18: Ukraine
A19: C | B19: ERP | C19: =Processing_data!$E$4 -> 2025 | D19: =Processing_data!$F$4 -> 2025 | E19: =Processing_data!$AH$4 -> 45.06 | F19: =Processing_data!$AJ$4 -> 66.42 | G19: =Processing_data!$AK$4 -> ES | H19: =Processing_data!$AI$4 -> 20.4
A20: C | B20: IoT in production processes | C20: =Processing_data!$E$5 -> 2021 | D20: =Processing_data!$F$5 -> 2022 | E20: =Processing_data!$AH$5 -> 9.68 | F20: =Processing_data!$AJ$5 -> 21.2 | G20: =Processing_data!$AK$5 -> IT | H20: =Processing_data!$AI$5 -> 2.2
A21: C | B21: Document on ICT security | C21: =Processing_data!$E$6 -> 2024 | D21: =Processing_data!$F$6 -> 2023 | E21: =Processing_data!$AH$6 -> 26.68 | F21: =Processing_data!$AJ$6 -> 65.85 | G21: =Processing_data!$AK$6 -> IE | H21: =Processing_data!$AI$6 -> 7.3
A22: L1 | B22: ICT training for ICT specialists | C22: =Processing_data!$E$7 -> 2024 | D22: =Processing_data!$F$7 -> 2025 | E22: =Processing_data!$AH$7 -> 7.1 | F22: =Processing_data!$AJ$7 -> 18.08 | G22: =Processing_data!$AK$7 -> IE | H22: =Processing_data!$AI$7 -> 5
A23: L1 | B23: ICT training for other employees | C23: =Processing_data!$E$8 -> 2024 | D23: =Processing_data!$F$8 -> 2025 | E23: =Processing_data!$AH$8 -> 14.36 | F23: =Processing_data!$AJ$8 -> 33.89 | G23: =Processing_data!$AK$8 -> IE | H23: =Processing_data!$AI$8 -> 6.5
A24: L2 | B24: Data sharing in the supply chain | C24: =Processing_data!$E$9 -> 2023 | D24: =Processing_data!$F$9 -> 2025 | E24: =Processing_data!$AH$9 -> 23.16 | F24: =Processing_data!$AJ$9 -> 52.82 | G24: =Processing_data!$AK$9 -> SI | H24: =Processing_data!$AI$9 -> 31.6
A25: L2 | B25: Data analytics | C25: =Processing_data!$E$10 -> 2025 | D25: =Processing_data!$F$10 -> 2025 | E25: =Processing_data!$AH$10 -> 37.73 | F25: =Processing_data!$AJ$10 -> 66.58 | G25: =Processing_data!$AK$10 -> LT | H25: =Processing_data!$AI$10 -> 21.3
A26: L2 | B26: Internet of Things | C26: =Processing_data!$E$11 -> 2021 | D26: =Processing_data!$F$11 -> 2022 | E26: =Processing_data!$AH$11 -> 29.43 | F26: =Processing_data!$AJ$11 -> 49.89 | G26: =Processing_data!$AK$11 -> SE | H26: =Processing_data!$AI$11 -> 9.4
A27: L3 | B27: Mobile internet access | C27: =Processing_data!$E$12 -> 2024 | D27: =Processing_data!$F$12 -> 2023 | E27: =Processing_data!$AH$12 -> 82.47 | F27: =Processing_data!$AJ$12 -> 95.81 | G27: =Processing_data!$AK$12 -> SI | H27: =Processing_data!$AI$12 -> 45.9
A28: L3 | B28: Paid cloud services | C28: =Processing_data!$E$13 -> 2025 | D28: =Processing_data!$F$13 -> 2025 | E28: =Processing_data!$AH$13 -> 40.88 | F28: =Processing_data!$AJ$13 -> 71.23 | G28: =Processing_data!$AK$13 -> IE | H28: =Processing_data!$AI$13 -> 16.9
A29: L4 | B29: E-commerce sales | C29: =Processing_data!$E$14 -> 2025 | D29: =Processing_data!$F$14 -> 2025 | E29: =Processing_data!$AH$14 -> 34.16 | F29: =Processing_data!$AJ$14 -> 62.2 | G29: =Processing_data!$AK$14 -> NL | H29: =Processing_data!$AI$14 -> 16.8
A30: L4 | B30: Website | C30: =Processing_data!$E$15 -> 2025 | D30: =Processing_data!$F$15 -> 2025 | E30: =Processing_data!$AH$15 -> 71.83 | F30: =Processing_data!$AJ$15 -> 97.47 | G30: =Processing_data!$AK$15 -> DK | H30: =Processing_data!$AI$15 -> 43
A31: L4 | B31: CRM | C31: =Processing_data!$E$16 -> 2025 | D31: =Processing_data!$F$16 -> 2025 | E31: =Processing_data!$AH$16 -> 17.99 | F31: =Processing_data!$AJ$16 -> 31.25 | G31: =Processing_data!$AK$16 -> NL | H31: =Processing_data!$AI$16 -> 6.9
A32: I | B32: E-invoices for automated processing | C32: =Processing_data!$E$17 -> 2023 | D32: =Processing_data!$F$17 -> 2025 | E32: =Processing_data!$AH$17 -> 41.5 | F32: =Processing_data!$AJ$17 -> 97.92 | G32: =Processing_data!$AK$17 -> IT | H32: =Processing_data!$AI$17 -> 37.8
A33: I | B33: Business intelligence | C33: =Processing_data!$E$18 -> 2025 | D33: =Processing_data!$F$18 -> 2025 | E33: =Processing_data!$AH$18 -> 15.22 | F33: =Processing_data!$AJ$18 -> 34.8 | G33: =Processing_data!$AK$18 -> NL | H33: =Processing_data!$AI$18 -> 6.6
A34: S | B34: Artificial intelligence | C34: =Processing_data!$E$19 -> 2025 | D34: =Processing_data!$F$19 -> 2025 | E34: =Processing_data!$AH$19 -> 12.47 | F34: =Processing_data!$AJ$19 -> 26.48 | G34: =Processing_data!$AK$19 -> DK | H34: =Processing_data!$AI$19 -> 5
A35: S | B35: At least basic digital intensity | C35: =Processing_data!$E$20 -> 2025 | D35: =Processing_data!$F$20 -> 2025 | E35: =Processing_data!$AH$20 -> 60.91 | F35: =Processing_data!$AJ$20 -> 96.43 | G35: =Processing_data!$AK$20 -> FI | H35: =Processing_data!$AI$20 -> 27.8
A38: Table 3. Partial layer scores of farms
A39: Unit | B39: DM_C, all | C39: DM_L3, all | D39: crop | E39: livestock | F39: DM_C, large | G39: DM_L3, large
A40: EU-27 | B40: =Farm_results!L20 -> 0.19388921 | C40: =Farm_results!M20 -> 0.18794054 | D40: =Farm_results!N20 -> 0.20826534 | E40: =Farm_results!O20 -> 0.16253453 | F40: =Farm_results!L38 -> 0.56785196 | G40: =Farm_results!M38 -> 0.43790744
A41: Germany | B41: =Farm_results!L21 -> 0.52141633 | C41: =Farm_results!M21 -> 0.6203332 | D41: =Farm_results!N21 -> 0.67408039 | E41: =Farm_results!O21 -> 0.55314922 | F41: =Farm_results!L39 -> 0.76306241 | G41: =Farm_results!M39 -> 0.64922558
A42: Poland | B42: =Farm_results!L22 -> 0.038263849 | C42: =Farm_results!M22 -> 0.27370908 | D42: =Farm_results!N22 -> 0.41524551 | E42: =Farm_results!O22 -> 0.096788544 | F42: =Farm_results!L40 -> 0.13080552 | G42: =Farm_results!M40 -> 0.52781449
A43: Hungary | B43: =Farm_results!L23 -> 0.074814392 | C43: =Farm_results!M23 -> 0.13718699 | D43: =Farm_results!N23 -> 0.19383274 | E43: =Farm_results!O23 -> 0.066379794 | F43: =Farm_results!L41 -> 0.26904935 | G43: =Farm_results!M41 -> 0.42470551
A44: Romania | B44: =Farm_results!L24 -> 0.093089663 | C44: =Farm_results!M24 -> 0.043282179 | D44: =Farm_results!N24 -> 0.021402009 | E44: =Farm_results!O24 -> 0.070632393 | F44: =Farm_results!L42 -> 0.31240929 | G44: =Farm_results!M42 -> 0.26950376
A45: Czechia | B45: =Farm_results!L25 -> 0.09737293 | C45: =Farm_results!M25 -> 0.088517321 | D45: =Farm_results!N25 -> 0.07802241 | E45: =Farm_results!O25 -> 0.10163596 | F45: =Farm_results!L43 -> 0.26505806 | G45: =Farm_results!M43 -> 0.23637143
A46: Slovakia | B46: =Farm_results!L26 -> 0.037407196 | C46: =Farm_results!M26 -> 0.023344454 | D46: =Farm_results!N26 -> 0.022448923 | E46: =Farm_results!O26 -> 0.024463867 | F46: =Farm_results!L44 -> 0.13461538 | G46: =Farm_results!M44 -> 0.080005927
A47: Lithuania | B47: =Farm_results!L27 -> 0.013135351 | C47: =Farm_results!M27 -> 0.026155335 | D47: =Farm_results!N27 -> 0.031959058 | E47: =Farm_results!O27 -> 0.018900682 | F47: =Farm_results!L45 -> 0.092525399 | G47: =Farm_results!M45 -> 0.18792917
A48: Latvia | B48: =Farm_results!L28 -> 0.13363792 | C48: =Farm_results!M28 -> 0.084483646 | D48: =Farm_results!N28 -> 0.12118609 | E48: =Farm_results!O28 -> 0.038605586 | F48: =Farm_results!L46 -> 0.74056604 | G48: =Farm_results!M46 -> 0.36073414
A49: Estonia | B49: =Farm_results!L29 -> 0.22929754 | C49: =Farm_results!M29 -> 0.27834862 | D49: =Farm_results!N29 -> 0.36788838 | E49: =Farm_results!O29 -> 0.16642391 | F49: =Farm_results!L47 -> 0.62753991 | G49: =Farm_results!M47 -> 0.56791291
A50: Bulgaria | B50: =Farm_results!L30 -> 0.015990862 | C50: =Farm_results!M30 -> 0.03340778 | D50: =Farm_results!N30 -> 0.026026748 | E50: =Farm_results!O30 -> 0.042634071 | F50: =Farm_results!L48 -> 0.093432511 | G50: =Farm_results!M48 -> 0.154709
A51: Ukraine | B51: =Farm_results!L31 -> 0.11279841 | C51: =Farm_results!M31 -> 0.076610545 | D51: =Farm_results!N31 -> 0.098300078 | E51: =Farm_results!O31 -> 0.049498629 | F51: =Farm_results!L49 -> 0.071665463 | G51: =Farm_results!M49 -> 0.099375948
A54: Table 4. Layer profile of food processing (NACE C10-C12), ADMA statistics mode
A55: Unit | B55: C | C55: L1 | D55: L2 | E55: L3 | F55: L4 | G55: Mean of layers | H55: Weakest layer
A56: EU-27 | B56: =Processing_index!$S$4 -> 0.51339238 | C56: =Processing_index!$T$4 -> 0.40821146 | D56: =Processing_index!$U$4 -> 0.53168491 | E56: =Processing_index!$V$4 -> 0.71734079 | F56: =Processing_index!$W$4 -> 0.62060695 | G56: =Processing_index!$Z$4 -> 0.5582473 | H56: =Processing_index!$AB$4 -> L1
A57: Germany | B57: =Processing_index!$S$5 -> 0.48022739 | C57: =Processing_index!$T$5 -> 0.37323275 | D57: =Processing_index!$U$5 -> 0.59271296 | E57: =Processing_index!$V$5 -> 0.72525286 | F57: =Processing_index!$W$5 -> 0.63948188 | G57: =Processing_index!$Z$5 -> 0.56218157 | H57: =Processing_index!$AB$5 -> L1
A58: Lithuania | B58: =Processing_index!$S$11 -> 0.69463421 | C58: =Processing_index!$T$11 -> 0.39037289 | D58: =Processing_index!$U$11 -> 0.75697314 | E58: =Processing_index!$V$11 -> 0.89940491 | F58: =Processing_index!$W$11 -> 0.88061902 | G58: =Processing_index!$Z$11 -> 0.72440083 | H58: =Processing_index!$AB$11 -> L1
A59: Czechia | B59: =Processing_index!$S$9 -> 0.56305679 | C59: =Processing_index!$T$9 -> 0.44228905 | D59: =Processing_index!$U$9 -> 0.6711789 | E59: =Processing_index!$V$9 -> 0.72541216 | F59: =Processing_index!$W$9 -> 0.81207893 | G59: =Processing_index!$Z$9 -> 0.64280316 | H59: =Processing_index!$AB$9 -> L1
A60: Estonia | B60: =Processing_index!$S$13 -> 0.57839516 | C60: =Processing_index!$T$13 -> 0.37003902 | D60: =Processing_index!$U$13 -> 0.62584075 | E60: =Processing_index!$V$13 -> 0.90826853 | F60: =Processing_index!$W$13 -> 0.61094535 | G60: =Processing_index!$Z$13 -> 0.61869776 | H60: =Processing_index!$AB$13 -> L1
A61: Latvia | B61: =Processing_index!$S$12 -> 0.71082122 | C61: =Processing_index!$T$12 -> 0.26817045 | D61: =Processing_index!$U$12 -> 0.56113711 | E61: =Processing_index!$V$12 -> 0.70371202 | F61: =Processing_index!$W$12 -> 0.59637573 | G61: =Processing_index!$Z$12 -> 0.5680433 | H61: =Processing_index!$AB$12 -> L1
A62: Poland | B62: =Processing_index!$S$6 -> 0.44302797 | C62: =Processing_index!$T$6 -> 0.62846775 | D62: =Processing_index!$U$6 -> 0.34867748 | E62: =Processing_index!$V$6 -> 0.77338574 | F62: =Processing_index!$W$6 -> 0.52377839 | G62: =Processing_index!$Z$6 -> 0.54346747 | H62: =Processing_index!$AB$6 -> L2
A63: Slovakia | B63: =Processing_index!$S$10 -> 0.35071163 | C63: =Processing_index!$T$10 -> 0.23499113 | D63: =Processing_index!$U$10 -> 0.60004571 | E63: =Processing_index!$V$10 -> 0.55285896 | F63: =Processing_index!$W$10 -> 0.62284486 | G63: =Processing_index!$Z$10 -> 0.47229046 | H63: =Processing_index!$AB$10 -> L1
A64: Hungary | B64: =Processing_index!$S$7 -> 0.29262275 | C64: =Processing_index!$T$7 -> 0.29587346 | D64: =Processing_index!$U$7 -> 0.53320858 | E64: =Processing_index!$V$7 -> 0.60598341 | F64: =Processing_index!$W$7 -> 0.47884895 | G64: =Processing_index!$Z$7 -> 0.44130743 | H64: =Processing_index!$AB$7 -> C
A65: Romania | B65: =Processing_index!$S$8 -> 0.44050748 | C65: =Processing_index!$T$8 -> 0.24148819 | D65: =Processing_index!$U$8 -> 0.28762352 | E65: =Processing_index!$V$8 -> 0.5573705 | F65: =Processing_index!$W$8 -> 0.37810404 | G65: =Processing_index!$Z$8 -> 0.38101875 | H65: =Processing_index!$AB$8 -> L1
A66: Ukraine | B66: =Processing_index!$S$15 -> 0.17392267 | C66: =Processing_index!$T$15 -> 0.23417283 | D66: =Processing_index!$U$15 -> 0.36886288 | E66: =Processing_index!$V$15 -> 0.35816637 | F66: =Processing_index!$W$15 -> 0.31068595 | G66: =Processing_index!$Z$15 -> 0.28916214 | H66: =Processing_index!$AB$15 -> C
A67: Bulgaria | B67: =Processing_index!$S$14 -> 0.21832677 | C67: =Processing_index!$T$14 -> 0.10718623 | D67: =Processing_index!$U$14 -> 0.28034164 | E67: =Processing_index!$V$14 -> 0.4573964 | F67: =Processing_index!$W$14 -> 0.30622596 | G67: =Processing_index!$Z$14 -> 0.2738954 | H67: =Processing_index!$AB$14 -> L1
A70: Table 5. ADMI, maturity level and components outside the index, food processing
A71: Unit | B71: Mean of layers | C71: Penalty | D71: ADMI | E71: Level | F71: DM_I | G71: DM_S
A72: EU-27 | B72: =Processing_index!$Z$4 -> 0.5582473 | C72: =Processing_index!$AC$4 -> 1 | D72: =Processing_index!$AD$4 -> 0.5582473 | E72: =Processing_index!$AE$4 -> 3 | F72: =Processing_index!$X$4 -> 0.43058584 | G72: =Processing_index!$Y$4 -> 0.55128568
A73: Germany | B73: =Processing_index!$Z$5 -> 0.56218157 | C73: =Processing_index!$AC$5 -> 0.9992931 | D73: =Processing_index!$AD$5 -> 0.56178416 | E73: =Processing_index!$AE$5 -> 3 | F73: =Processing_index!$X$5 -> 0.29964538 | G73: =Processing_index!$Y$5 -> 0.60950123
A74: Lithuania | B74: =Processing_index!$Z$11 -> 0.72440083 | C74: =Processing_index!$AC$11 -> 1 | D74: =Processing_index!$AD$11 -> 0.72440083 | E74: =Processing_index!$AE$11 -> 4 | F74: =Processing_index!$X$11 -> 0.66585777 | G74: =Processing_index!$Y$11 -> 0.72029979
A75: Czechia | B75: =Processing_index!$Z$9 -> 0.64280316 | C75: =Processing_index!$AC$9 -> 1 | D75: =Processing_index!$AD$9 -> 0.64280316 | E75: =Processing_index!$AE$9 -> 4 | F75: =Processing_index!$X$9 -> 0.37345828 | G75: =Processing_index!$Y$9 -> 0.54654477
A76: Estonia | B76: =Processing_index!$Z$13 -> 0.61869776 | C76: =Processing_index!$AC$13 -> 0.99801561 | D76: =Processing_index!$AD$13 -> 0.61747002 | E76: =Processing_index!$AE$13 -> 4 | F76: =Processing_index!$X$13 -> 0.66358674 | G76: =Processing_index!$Y$13 -> 0.68086569
A77: Latvia | B77: =Processing_index!$Z$12 -> 0.5680433 | C77: =Processing_index!$AC$12 -> 0.95726818 | D77: =Processing_index!$AD$12 -> 0.54376978 | E77: =Processing_index!$AE$12 -> 3 | F77: =Processing_index!$X$12 -> 0.45310317 | G77: =Processing_index!$Y$12 -> 0.55491586
A78: Poland | B78: =Processing_index!$Z$6 -> 0.54346747 | C78: =Processing_index!$AC$6 -> 0.98947099 | D78: =Processing_index!$AD$6 -> 0.53774529 | E78: =Processing_index!$AE$6 -> 3 | F78: =Processing_index!$X$6 -> 0.2254666 | G78: =Processing_index!$Y$6 -> 0.35240329
A79: Slovakia | B79: =Processing_index!$Z$10 -> 0.47229046 | C79: =Processing_index!$AC$10 -> 0.94399645 | D79: =Processing_index!$AD$10 -> 0.44584052 | E79: =Processing_index!$AE$10 -> 3 | F79: =Processing_index!$X$10 -> 0.26695438 | G79: =Processing_index!$Y$10 -> 0.47123032
A80: Hungary | B80: =Processing_index!$Z$7 -> 0.44130743 | C80: =Processing_index!$AC$7 -> 0.9670491 | D80: =Processing_index!$AD$7 -> 0.42676595 | E80: =Processing_index!$AE$7 -> 3 | F80: =Processing_index!$X$7 -> 0.24793005 | G80: =Processing_index!$Y$7 -> 0.37847028
A81: Romania | B81: =Processing_index!$Z$8 -> 0.38101875 | C81: =Processing_index!$AC$8 -> 0.94659528 | D81: =Processing_index!$AD$8 -> 0.36067055 | E81: =Processing_index!$AE$8 -> 2 | F81: =Processing_index!$X$8 -> 0.3052277 | G81: =Processing_index!$Y$8 -> 0.21868357
A82: Ukraine | B82: =Processing_index!$Z$15 -> 0.28916214 | C82: =Processing_index!$AC$15 -> 0.91956907 | D82: =Processing_index!$AD$15 -> 0.26590456 | E82: =Processing_index!$AE$15 -> 2 | F82: =Processing_index!$X$15 -> 0.28784229 | G82: =Processing_index!$Y$15 -> 0.23855689
A83: Bulgaria | B83: =Processing_index!$Z$14 -> 0.2738954 | C83: =Processing_index!$AC$14 -> 0.89287449 | D83: =Processing_index!$AD$14 -> 0.24455422 | E83: =Processing_index!$AE$14 -> 2 | F83: =Processing_index!$X$14 -> 0.19041617 | G83: =Processing_index!$Y$14 -> 0.23627724
A86: Table 6. Ranking of the new EU members and Ukraine by ADMI, TOPSIS and min-max normalisation
A87: ADMI rank | B87: Unit | C87: ADMI | D87: TOPSIS closeness | E87: TOPSIS rank | F87: TOPSIS rank (equal weights) | G87: ADMI min-max | H87: Min-max rank
A88: =Processing_index!$AF$11 -> 1 | B88: Lithuania | C88: =Processing_index!$AD$11 -> 0.72440083 | D88: =TOPSIS!$I$28 -> 0.6994349 | E88: =TOPSIS!$J$28 -> 1 | F88: =TOPSIS!$J$46 -> 1 | G88: =Normalisation_check!$AD$11 -> 0.66124333 | H88: =Normalisation_check!$AF$11 -> 1
A89: =Processing_index!$AF$9 -> 2 | B89: Czechia | C89: =Processing_index!$AD$9 -> 0.64280316 | D89: =TOPSIS!$I$26 -> 0.6952914 | E89: =TOPSIS!$J$26 -> 2 | F89: =TOPSIS!$J$44 -> 2 | G89: =Normalisation_check!$AD$9 -> 0.55216947 | H89: =Normalisation_check!$AF$9 -> 2
A90: =Processing_index!$AF$13 -> 3 | B90: Estonia | C90: =Processing_index!$AD$13 -> 0.61747002 | D90: =TOPSIS!$I$30 -> 0.59654143 | E90: =TOPSIS!$J$30 -> 4 | F90: =TOPSIS!$J$48 -> 3 | G90: =Normalisation_check!$AD$13 -> 0.50559579 | H90: =Normalisation_check!$AF$13 -> 3
A91: =Processing_index!$AF$12 -> 4 | B91: Latvia | C91: =Processing_index!$AD$12 -> 0.54376978 | D91: =TOPSIS!$I$29 -> 0.53345076 | E91: =TOPSIS!$J$29 -> 5 | F91: =TOPSIS!$J$47 -> 5 | G91: =Normalisation_check!$AD$12 -> 0.43379842 | H91: =Normalisation_check!$AF$12 -> 4
A92: =Processing_index!$AF$6 -> 5 | B92: Poland | C92: =Processing_index!$AD$6 -> 0.53774529 | D92: =TOPSIS!$I$23 -> 0.66696941 | E92: =TOPSIS!$J$23 -> 3 | F92: =TOPSIS!$J$41 -> 4 | G92: =Normalisation_check!$AD$6 -> 0.38954537 | H92: =Normalisation_check!$AF$6 -> 5
A93: =Processing_index!$AF$10 -> 6 | B93: Slovakia | C93: =Processing_index!$AD$10 -> 0.44584052 | D93: =TOPSIS!$I$27 -> 0.34168823 | E93: =TOPSIS!$J$27 -> 6 | F93: =TOPSIS!$J$45 -> 6 | G93: =Normalisation_check!$AD$10 -> 0.28061275 | H93: =Normalisation_check!$AF$10 -> 6
A94: =Processing_index!$AF$7 -> 7 | B94: Hungary | C94: =Processing_index!$AD$7 -> 0.42676595 | D94: =TOPSIS!$I$24 -> 0.33678314 | E94: =TOPSIS!$J$24 -> 7 | F94: =TOPSIS!$J$42 -> 7 | G94: =Normalisation_check!$AD$7 -> 0.25831404 | H94: =Normalisation_check!$AF$7 -> 7
A95: =Processing_index!$AF$8 -> 8 | B95: Romania | C95: =Processing_index!$AD$8 -> 0.36067055 | D95: =TOPSIS!$I$25 -> 0.31415649 | E95: =TOPSIS!$J$25 -> 8 | F95: =TOPSIS!$J$43 -> 8 | G95: =Normalisation_check!$AD$8 -> 0.1993764 | H95: =Normalisation_check!$AF$8 -> 8
A96: =Processing_index!$AF$15 -> 9 | B96: Ukraine | C96: =Processing_index!$AD$15 -> 0.26590456 | D96: =TOPSIS!$I$32 -> 0.1763231 | E96: =TOPSIS!$J$32 -> 9 | F96: =TOPSIS!$J$50 -> 9 | G96: =Normalisation_check!$AD$15 -> 0.081526699 | H96: =Normalisation_check!$AF$15 -> 9
A97: =Processing_index!$AF$14 -> 10 | B97: Bulgaria | C97: =Processing_index!$AD$14 -> 0.24455422 | D97: =TOPSIS!$I$31 -> 0.050755853 | E97: =TOPSIS!$J$31 -> 10 | F97: =TOPSIS!$J$49 -> 10 | G97: =Normalisation_check!$AD$14 -> 0.070747707 | H97: =Normalisation_check!$AF$14 -> 10
A98: Entropy weights | B98: C | C98: L1 | D98: L2 | E98: L3 | F98: L4
B99: =TOPSIS!$B$18 -> 0.26677545 | C99: =TOPSIS!$C$18 -> 0.27811394 | D99: =TOPSIS!$D$18 -> 0.16703306 | E99: =TOPSIS!$E$18 -> 0.11148961 | F99: =TOPSIS!$F$18 -> 0.17658794
A100: Spearman ADMI vs TOPSIS | B100: =TOPSIS!$B$60 -> 0.96363636
